-- phpMyAdmin SQL Dump
-- version 4.9.0.1
-- https://www.phpmyadmin.net/
--
-- Máy chủ: sql202.infinityfree.com
-- Thời gian đã tạo: Th7 07, 2025 lúc 06:34 AM
-- Phiên bản máy phục vụ: 11.4.7-MariaDB
-- Phiên bản PHP: 7.2.22

SET SQL_MODE = "NO_AUTO_VALUE_ON_ZERO";
SET AUTOCOMMIT = 0;
START TRANSACTION;
SET time_zone = "+00:00";


/*!40101 SET @OLD_CHARACTER_SET_CLIENT=@@CHARACTER_SET_CLIENT */;
/*!40101 SET @OLD_CHARACTER_SET_RESULTS=@@CHARACTER_SET_RESULTS */;
/*!40101 SET @OLD_COLLATION_CONNECTION=@@COLLATION_CONNECTION */;
/*!40101 SET NAMES utf8mb4 */;

--
-- Cơ sở dữ liệu: `if0_39149334_qlthuvien`
--

-- --------------------------------------------------------

--
-- Cấu trúc bảng cho bảng `chude`
--

CREATE TABLE `chude` (
  `macd` varchar(10) NOT NULL,
  `tenchude` varchar(255) CHARACTER SET utf8mb4 COLLATE utf8mb4_unicode_ci DEFAULT NULL,
  `status_chude` tinyint(1) NOT NULL DEFAULT 1
) ENGINE=InnoDB DEFAULT CHARSET=utf8mb3 COLLATE=utf8mb3_general_ci;

--
-- Đang đổ dữ liệu cho bảng `chude`
--

INSERT INTO `chude` (`macd`, `tenchude`, `status_chude`) VALUES
('000', 'Khoa học máy tính, kiến ​​thức và hệ thống', 1),
('001', 'Kiến thức', 1),
('002', 'Sách', 1),
('003', 'Hệ thống', 1),
('004', 'Xử lý dữ liệu và khoa học máy tính', 1),
('005', 'Lập trình máy tính , chương trình và dữ liệu', 1),
('006', 'Các phương pháp máy tính đặc biệt', 1),
('011', 'Tài liệu tham khảo', 1),
('012', 'Tài liệu tham khảo của cá nhân', 1),
('014', 'Tài liệu tham khảo các tác phẩm ẩn danh và bút danh', 1),
('015', 'Tài liệu tham khảo các tác phẩm từ những địa điểm cụ thể', 1),
('016', 'Tài liệu tham khảo về các tác phẩm chuyên ngành', 1),
('017', 'Danh mục chủ đề chung', 1),
('018', 'Danh mục được sắp xếp theo tác giả, ngày tháng, v.v. [chuyển đến 017]', 1),
('019', 'Danh mục từ điển [chuyển đến 017]', 1),
('020', 'Khoa học thư viện và thông tin', 1),
('021', 'Mối quan hệ giữa thư viện (với các cơ quan lưu trữ , trung tâm thông tin, v.v.)', 1),
('022', 'Quản lý nhà máy vật lý', 1),
('023', 'Quản lý nhân sự', 1),
('025', 'Hoạt động thư viện', 1),
('026', 'Thư viện cho các môn học cụ thể', 1),
('027', 'Thư viện tổng hợp', 1),
('028', 'Đọc và sử dụng các phương tiện thông tin khác', 1),
('030', 'Bách khoa toàn thư và sách sự kiện', 1),
('031', 'Bách khoa toàn thư bằng tiếng Anh Mỹ', 1),
('032', 'Bách khoa toàn thư bằng tiếng Anh', 1),
('033', 'Bách khoa toàn thư bằng các ngôn ngữ Đức khác', 1),
('034', 'Bách khoa toàn thư bằng tiếng Pháp , tiếng Occitan và tiếng Catalan', 1),
('035', 'Bách khoa toàn thư bằng tiếng Ý , tiếng Rumani và các ngôn ngữ liên quan', 1),
('036', 'Bách khoa toàn thư bằng tiếng Tây Ban Nha và tiếng Bồ Đào Nha', 1),
('037', 'Bách khoa toàn thư bằng tiếng Slavơ', 1),
('038', 'Bách khoa toàn thư bằng tiếng Scandinavia', 1),
('039', 'Bách khoa toàn thư bằng các ngôn ngữ khác', 1),
('050', 'Tạp chí, báo và tạp chí nhiều kỳ', 1),
('051', 'Serials bằng tiếng Anh Mỹ', 1),
('052', 'Serials bằng tiếng Anh', 1),
('053', 'Các ấn phẩm bằng các ngôn ngữ Đức khác', 1),
('054', 'Ấn phẩm nhiều kỳ bằng tiếng Pháp, tiếng Occitan và tiếng Catalan', 1),
('055', 'Số báo bằng tiếng Ý, tiếng Rumani và các ngôn ngữ liên quan', 1),
('056', 'Phim dài tập bằng tiếng Tây Ban Nha và Bồ Đào Nha', 1),
('057', 'Số sê-ri bằng tiếng Slavơ', 1),
('058', 'Số báo bằng tiếng Scandinavia', 1),
('059', 'Serials bằng các ngôn ngữ khác', 1),
('060', 'Tổ chức chung và khoa học bảo tàng', 1),
('061', 'Tổ chức ở Bắc Mỹ', 1),
('062', 'Tổ chức tại Quần đảo Anh', 1),
('063', 'Tổ chức ở Trung Âu ; ở Đức', 1),
('064', 'Tổ chức tại Pháp và Monaco', 1),
('065', 'Tổ chức tại Ý và các đảo lân cận', 1),
('066', 'Tổ chức ở Bán đảo Iberia và các đảo lân cận', 1),
('067', 'Tổ chức ở Đông Âu ; ở Nga', 1),
('068', 'Các tổ chức ở các khu vực địa lý khác', 1),
('069', 'Khoa học bảo tàng', 1),
('070', 'Phương tiện truyền thông, báo chí và xuất bản', 1),
('071', 'Báo chí ở Bắc Mỹ', 1),
('072', 'Báo chí ở Quần đảo Anh; ở Anh', 1),
('073', 'Báo chí ở Trung Âu; ở Đức', 1),
('074', 'Báo chí tại Pháp và Monaco', 1),
('075', 'Báo chí tại Ý và các đảo lân cận', 1),
('076', 'Báo chí ở bán đảo Iberia và các đảo lân cận', 1),
('077', 'Báo chí ở Đông Âu; ở Nga', 1),
('078', 'Báo chí ở Scandinavia', 1),
('079', 'Báo chí ở các khu vực địa lý khác', 1),
('080', 'Bộ sưu tập chung', 1),
('081', 'Bộ sưu tập bằng tiếng Anh Mỹ', 1),
('082', 'Bộ sưu tập bằng tiếng Anh', 1),
('083', 'Bộ sưu tập bằng các ngôn ngữ Đức khác', 1),
('084', 'Bộ sưu tập bằng tiếng Pháp, tiếng Occitan, tiếng Catalan', 1),
('085', 'Bộ sưu tập bằng tiếng Ý, tiếng Rumani và các ngôn ngữ liên quan', 1),
('086', 'Bộ sưu tập bằng tiếng Tây Ban Nha và tiếng Bồ Đào Nha', 1),
('087', 'Bộ sưu tập bằng ngôn ngữ Slavơ', 1),
('088', 'Bộ sưu tập bằng ngôn ngữ Scandinavia', 1),
('089', 'Bộ sưu tập bằng ngôn ngữ khác', 1),
('090', 'Bản thảo và sách quý hiếm', 1),
('091', 'Bản thảo', 1),
('092', 'Sách khối', 1),
('093', 'Sách hướng dẫn', 1),
('094', 'Sách in', 1),
('095', 'Sách đáng chú ý về bìa sách', 1),
('096', 'Sách đáng chú ý vì có hình minh họa', 1),
('097', 'Sách đáng chú ý về quyền sở hữu hoặc nguồn gốc', 1),
('098', 'Các tác phẩm bị cấm , làm giả và lừa đảo', 1),
('099', 'Sách đáng chú ý về định dạng', 1),
('100', 'Triết học và tâm lý học', 1),
('1000', 'Không rõ', 1),
('101', 'Lý thuyết triết học', 1),
('102', 'Lặt Vặt', 1),
('103', 'Từ điển và bách khoa toàn thư', 1),
('105', 'Ấn phẩm nhiều kỳ', 1),
('106', 'Tổ chức và quản lý', 1),
('107', 'Giáo dục , nghiên cứu , các chủ đề liên quan đến triết học', 1),
('108', 'Nhóm người', 1),
('109', 'Lịch sử và tiểu sử được thu thập', 1),
('110', 'Siêu hình học', 1),
('111', 'Bản thể học', 1),
('113', 'Vũ trụ học ( Triết học tự nhiên )', 1),
('114', 'Không gian', 1),
('115', 'Thời gian', 1),
('116', 'Thay đổi', 1),
('117', 'Cấu trúc', 1),
('118', 'Lực và năng lượng', 1),
('119', 'Số lượng và số lượng', 1),
('120', 'Nhận thức luận, nhân quả và nhân loại', 1),
('121', 'Nhận thức luận (Lý thuyết về tri thức)', 1),
('122', 'Nguyên nhân', 1),
('123', 'Chủ nghĩa tất định và chủ nghĩa bất định', 1),
('124', 'Mục đích luận', 1),
('126', 'Bản thân', 1),
('127', 'Vô thức và tiềm thức', 1),
('128', 'Nhân loại', 1),
('129', 'Nguồn gốc và số phận của linh hồn cá nhân', 1),
('130', 'Tâm lý học và huyền bí học', 1),
('131', 'Phương pháp tâm lý và huyền bí để đạt được hạnh phúc, thành công và an lạc', 1),
('133', 'Chủ đề cụ thể trong tâm lý học và huyền bí học', 1),
('135', 'Giấc mơ và bí ẩn', 1),
('137', 'Bói toán bằng chữ viết', 1),
('138', 'Nhân tướng học', 1),
('139', 'Phrenology', 1),
('140', 'Các trường phái và quan điểm triết học cụ thể', 1),
('141', 'Chủ nghĩa duy tâm và các hệ thống và học thuyết liên quan', 1),
('142', 'Triết học phê phán', 1),
('143', 'Chủ nghĩa Bergson và trực giác', 1),
('144', 'Chủ nghĩa nhân văn và các hệ thống và học thuyết liên quan', 1),
('145', 'Sự giật gân', 1),
('146', 'Chủ nghĩa tự nhiên và các hệ thống và học thuyết liên quan', 1),
('147', 'Thuyết phiếm thần và các hệ thống và học thuyết liên quan', 1),
('148', 'Chủ nghĩa giáo điều , chủ nghĩa chiết trung , chủ nghĩa tự do, chủ nghĩa dung hợp và chủ nghĩa truyền thống', 1),
('149', 'Các hệ thống và học thuyết triết học khác', 1),
('150', 'Tâm lý học', 1),
('152', 'Nhận thức cảm giác , chuyển động , cảm xúc và động lực sinh lý', 1),
('153', 'Quá trình tinh thần có ý thức và trí thông minh', 1),
('154', 'Các trạng thái và quá trình tiềm thức và thay đổi', 1),
('155', 'Tâm lý học phân biệt và phát triển', 1),
('156', 'Tâm lý học so sánh', 1),
('158', 'Tâm lý học ứng dụng', 1),
('160', 'Logic triết học', 1),
('161', 'Phương pháp quy nạp', 1),
('162', 'Phương pháp diễn dịch', 1),
('165', 'Sai lầm và nguồn gốc của lỗi', 1),
('166', 'Tam đoạn luận', 1),
('167', 'Giả thuyết', 1),
('168', 'Lập luận và thuyết phục', 1),
('169', 'Phép loại suy', 1),
('170', 'Đạo đức (Triết học đạo đức)', 1),
('171', 'Hệ thống đạo đức', 1),
('172', 'Đạo đức chính trị', 1),
('173', 'Đạo đức trong quan hệ gia đình', 1),
('174', 'Đạo đức nghề nghiệp', 1),
('175', 'Đạo đức giải trí , giải trí , biểu diễn công cộng, giao tiếp', 1),
('176', 'Đạo đức tình dục và sinh sản', 1),
('177', 'Đạo đức quan hệ xã hội', 1),
('178', 'Đạo đức tiêu dùng', 1),
('179', 'Các chuẩn mực đạo đức khác', 1),
('180', 'Triết học cổ đại , trung đại và phương Đông', 1),
('181', 'Triết học phương Đông', 1),
('182', 'triết lý Hy Lạp thời tiền Socrates', 1),
('183', 'Triết lý Socratic, Socratic , triết lý Hy Lạp liên quan', 1),
('184', 'Triết học Platon', 1),
('185', 'Triết học Aristotle', 1),
('186', 'Triết lý hoài nghi và tân Platon', 1),
('187', 'Triết học Epicurean', 1),
('188', 'Triết học khắc kỷ', 1),
('189', 'Triết học phương Tây thời trung cổ', 1),
('190', 'Triết học phương Tây hiện đại ( thế kỷ 19 , thế kỷ 20 )', 1),
('191', 'Triết lý của Hoa Kỳ và Canada', 1),
('192', 'Triết lý của quần đảo Anh', 1),
('193', 'Triết học của Đức và Áo', 1),
('194', 'Triết học Pháp', 1),
('195', 'Triết học của Ý', 1),
('196', 'Triết học của Tây Ban Nha và Bồ Đào Nha', 1),
('197', 'Triết học Nga', 1),
('198', 'Triết học của Scandinavia và Phần Lan', 1),
('199', 'Triết học ở các khu vực địa lý khác', 1),
('200', 'Tôn giáo', 1),
('201', 'Thần thoại tôn giáo , các lớp tôn giáo nói chung, quan hệ và thái độ liên tôn ,thần học xã hội', 1),
('202', 'Học thuyết', 1),
('203', 'Thờ cúng công cộng và các hoạt động khác', 1),
('204', 'Kinh nghiệm tôn giáo, cuộc sống, thực hành', 1),
('205', 'Đạo đức tôn giáo', 1),
('206', 'Lãnh đạo và tổ chức', 1),
('207', 'Sứ mệnh và giáo dục tôn giáo', 1),
('208', 'Nguồn', 1),
('209', 'Giáo phái và phong trào cải cách', 1),
('210', 'Triết học và lý thuyết tôn giáo', 1),
('211', 'Khái niệm về Chúa', 1),
('212', 'Sự tồn tại , cách thức nhận biết Chúa, các thuộc tính của Chúa', 1),
('213', 'Sáng tạo', 1),
('214', 'Thần học', 1),
('215', 'Khoa học và tôn giáo', 1),
('218', 'Nhân loại', 1),
('220', 'Kinh Thánh', 1),
('221', 'Cựu Ước ( Tanakh )', 1),
('222', 'Sách Lịch sử Cựu Ước', 1),
('223', 'Sách thơ của Cựu Ước', 1),
('224', 'sách tiên tri của Cựu Ước', 1),
('225', 'Tân Ước', 1),
('226', 'Phúc Âm và Công Vụ', 1),
('227', 'Thư tín', 1),
('228', 'Khải Huyền ( Khải Huyền )', 1),
('229', 'Sách ngụy thư , sách ngụy tác và các tác phẩm liên di chúc', 1),
('230', 'Kitô giáo', 1),
('231', 'Thiên Chúa', 1),
('232', 'Chúa Jesus Christ và gia đình của Người', 1),
('233', 'Nhân loại', 1),
('234', 'Sự cứu rỗi và ân điển', 1),
('235', 'Linh hồn', 1),
('236', 'Học thuyết về ngày tận thế', 1),
('238', 'Tín điều , lời tuyên xưng đức tin, giao ước và giáo lý', 1),
('239', 'Biện giáo và tranh luận', 1),
('240', 'Thực hành và tuân thủ Kitô giáo', 1),
('241', 'Đạo đức Kitô giáo', 1),
('242', 'Văn học sùng đạo', 1),
('243', 'bài viết truyền giáo cho cá nhân và gia đình', 1),
('246', 'Sử dụng nghệ thuật trong Kitô giáo', 1),
('247', 'Đồ dùng nhà thờ và các mặt hàng liên quan', 1),
('248', 'Kinh nghiệm, thực hành, cuộc sống Kitô giáo', 1),
('249', 'nghi lễ Kitô giáo trong đời sống gia đình', 1),
('250', 'Giáo hội Cơ đốc giáo địa phương và các dòng tu Cơ đốc giáo', 1),
('251', 'Thuyết giảng ( Homiletics )', 1),
('252', 'Văn bản bài giảng', 1),
('253', 'Chức vụ và công tác mục vụ ( Thần học mục vụ )', 1),
('254', 'Quản lý giáo xứ', 1),
('255', 'Các giáo đoàn và dòng tu', 1),
('259', 'Chăm sóc mục vụ cho các gia đình, các nhóm người cụ thể', 1),
('260', 'Thần học xã hội và tôn giáo', 1),
('261', 'Thần học xã hội và quan hệ và thái độ liên tôn', 1),
('262', 'Giáo hội học', 1),
('263', 'Ngày, giờ, địa điểm thực hiện nghi lễ tôn giáo', 1),
('264', 'Thờ phượng công cộng', 1),
('265', 'Bí tích , nghi lễ và hành vi khác', 1),
('266', 'Nhiệm vụ', 1),
('267', 'Hiệp hội công tác tôn giáo', 1),
('268', 'Giáo dục tôn giáo', 1),
('269', '​​Sự đổi mới tâm linh', 1),
('270', 'Lịch sử, xử lý địa lý, tiểu sử của Kitô giáo', 1),
('271', 'Các giáo đoàn và dòng tu trong lịch sử nhà thờ', 1),
('272', 'Cuộc bách hại trong lịch sử nhà thờ', 1),
('273', 'Những tranh cãi về giáo lý và tà giáo trong lịch sử nhà thờ nói chung', 1),
('274', 'Kitô giáo ở Châu Âu', 1),
('275', 'Kitô giáo ở Châu Á', 1),
('276', 'Kitô giáo ở Châu Phi', 1),
('277', 'Kitô giáo ở Bắc Mỹ', 1),
('278', 'Kitô giáo ở Nam Mỹ', 1),
('279', 'Lịch sử Kitô giáo ở các khu vực khác', 1),
('280', 'Giáo phái và giáo phái của nhà thờ Thiên chúa giáo', 1),
('281', 'Giáo hội sơ khai và Giáo hội phương Đông', 1),
('282', 'Nhà thờ Công giáo La Mã', 1),
('283', 'nhà thờ Anh giáo', 1),
('284', 'giáo phái Tin Lành có nguồn gốc từ Lục địa ( Luther , Cải cách Lục địa )', 1),
('285', 'Nhà thờ Trưởng lão , Nhà thờ Cải cách tập trung ở Hoa Kỳ, Nhà thờ Congregational', 1),
('286', 'Báp-tít , Phong trào Phục hồi , Nhà thờ Cơ Đốc Phục Lâm', 1),
('287', 'nhà thờ Giám Lý ; các nhà thờ liên quan đến Giám Lý', 1),
('289', 'Các giáo phái và giáo phái khác', 1),
('290', 'Các tôn giáo khác', 1),
('292', 'Tôn giáo cổ điển ( tôn giáo Hy Lạp và La Mã )', 1),
('293', 'Tôn giáo Đức', 1),
('294', 'Tôn giáo có nguồn gốc Ấn Độ', 1),
('295', 'Đạo Zoroastrian (Đạo Mazda, Đạo Parsee)', 1),
('296', 'Do Thái giáo', 1),
('297', 'Hồi giáo , Bábism và Đức tin Baháʼí', 1),
('299', 'Tôn giáo không được quy định ở nơi khác', 1),
('300', 'Khoa học xã hội', 1),
('301', 'Xã hội học và nhân học', 1),
('302 ', 'Tương tác xã hội', 1),
('303', 'Quá trình xã hội', 1),
('304', 'Các yếu tố ảnh hưởng đến hành vi xã hội', 1),
('305 ', 'Nhóm người', 1),
('306 ', 'Văn hóa và thể chế', 1),
('307 ', 'Cộng đồng', 1),
('310', 'Bộ sưu tập số liệu thống kê chung', 1),
('314', 'Thống kê chung của Châu Âu', 1),
('315', 'Thống kê chung của Châu Á', 1),
('316', 'Thống kê chung của Châu Phi', 1),
('317', 'Thống kê chung của Bắc Mỹ', 1),
('318', 'Thống kê chung của Nam Mỹ', 1),
('319', 'Thống kê chung của Châu Úc, Quần đảo Thái Bình Dương, Quần đảo Đại Tây Dương, Quần đảo Bắc Cực, Nam Cực', 1),
('320', 'Khoa học chính trị (Chính trị và chính quyền)', 1),
('320 ', 'Khoa học chính trị', 1),
('321 ', 'Hệ thống chính quyền và nhà nước', 1),
('322', 'Mối quan hệ của nhà nước với các nhóm có tổ chức và các thành viên của họ', 1),
('323 ', 'Quyền dân sự và chính trị', 1),
('324 ', 'Tiến trình chính trị', 1),
('325 ', 'Di cư quốc tế và thực dân hóa', 1),
('326 ', 'Nô lệ và giải phóng', 1),
('327 ', 'Quan hệ quốc tế', 1),
('328 ', 'Quá trình lập pháp', 1),
('330 ', 'Kinh tế', 1),
('331 ', 'Kinh tế lao động', 1),
('332 ', 'Kinh tế tài chính', 1),
('333 ', 'Kinh tế đất đai và năng lượng', 1),
('334 ', 'Hợp tác xã', 1),
('335 ', 'Chủ nghĩa xã hội và các hệ thống liên quan', 1),
('336 ', 'Tài chính công', 1),
('337 ', 'Kinh tế quốc tế', 1),
('338 ', 'Sản xuất', 1),
('339 ', 'Kinh tế vĩ mô và các chủ đề liên quan', 1),
('340 ', 'Luật', 1),
('341 ', 'Luật pháp của các quốc gia', 1),
('342 ', 'Luật hiến pháp và hành chính', 1),
('343 ', 'Quân sự , quốc phòng, tài sản công, tài chính công, thuế , thương mại ( thương mại ), luật công nghiệp', 1),
('344 ', 'Lao động , dịch vụ xã hội, giáo dục, luật văn hóa', 1),
('345 ', 'Luật hình sự', 1),
('346 ', 'Luật tư nhân', 1),
('347 ', 'Thủ tục và tòa án', 1),
('348 ', 'Luật , quy định , vụ án', 1),
('349 ', 'Luật của các khu vực pháp lý cụ thể, khu vực , vùng kinh tế xã hội, tổ chức liên chính phủ khu vực', 1),
('350', 'Quản lý công và khoa học quân sự', 1),
('351', 'Hành chính công', 1),
('352', 'Những cân nhắc chung về quản lý công', 1),
('353', 'Các lĩnh vực cụ thể của quản lý nhà nước', 1),
('354', 'Quản lý nhà nước về kinh tế và môi trường', 1),
('355 ', 'Khoa học quân sự', 1),
('356 ', 'Lực lượng bộ binh và chiến tranh', 1),
('357 ', 'Lực lượng cưỡi ngựa và chiến tranh', 1),
('358 ', 'Không quân và các lực lượng chuyên môn khác và chiến tranh; kỹ thuật và các dịch vụ liên quan', 1),
('359 ', 'Lực lượng trên biển và chiến tranh', 1),
('360', 'Vấn đề xã hội và dịch vụ xã hội', 1),
('361', 'Các vấn đề xã hội và dịch vụ', 1),
('362', 'Các vấn đề xã hội và dịch vụ cho các nhóm người', 1),
('363', 'Các vấn đề xã hội khác và dịch vụ', 1),
('364 ', 'Tội phạm học', 1),
('365 ', 'Nhà tù và các cơ sở liên quan', 1),
('366', 'Hiệp hội và hội kín', 1),
('367 ', 'Câu lạc bộ chung', 1),
('368', 'Bảo hiểm ', 1),
('369', 'Hiệp hội', 1),
('370 ', 'Giáo dục', 1),
('371', 'Trường học và các hoạt động của trường, giáo dục đặc biệt', 1),
('372', 'Giáo dục tiểu học ( giáo dục tiểu học )', 1),
('373 ', 'Giáo dục trung học', 1),
('374 ', 'Giáo dục người lớn', 1),
('375 ', 'Chương trình giảng dạy', 1),
('378 ', 'Giáo dục đại học (Tertiary education)', 1),
('379', 'Các vấn đề chính sách công trong giáo dục', 1),
('380 ', 'Thương mại , truyền thông và vận tải', 1),
('381', 'Thương mại (Trade)', 1),
('382 ', 'Thương mại quốc tế (Ngoại thương)', 1),
('383 ', 'Thông tin bưu chính', 1),
('384', 'Truyền thông', 1),
('385 ', 'Vận tải đường sắt', 1),
('386 ', 'Vận tải đường thủy nội địa và phà', 1),
('387 ', 'Vận tải đường thủy , đường hàng không , đường vũ trụ', 1),
('388', 'Vận chuyển', 1),
('389 ', 'Đo lường và tiêu chuẩn hóa', 1),
('390 ', 'Phong tục , nghi thức và văn hóa dân gian', 1),
('391 ', 'Trang phục và ngoại hình cá nhân', 1),
('392', 'Phong tục tập quán trong đời sống và đời sống gia đình', 1),
('393 ', 'Phong tục chết', 1),
('394 ', 'Phong tục chung', 1),
('395', 'Nghi thức ( Phong cách )', 1),
('398 ', 'Văn hóa dân gian', 1),
('399', 'Phong tục chiến tranh và ngoại giao', 1),
('400', 'Ngôn ngữ', 1),
('401', ' Triết học và lý thuyết, ngôn ngữ quốc tế', 1),
('402', 'Lặt Vặt', 1),
('403', ' Từ điển , bách khoa toàn thư , mục lục', 1),
('404', 'Chủ đề đặc biệt của ngôn ngữ', 1),
('405', 'Ấn phẩm nhiều kỳ', 1),
('406', 'Tổ chức và quản lý', 1),
('407', ' Giáo dục , nghiên cứu, chủ đề liên quan', 1),
('408', 'Nhóm người', 1),
('409', 'Xử lý địa lý và tiểu sử', 1),
('410', ' Ngôn ngữ học', 1),
('411', ' Hệ thống chữ viết của các dạng chuẩn của ngôn ngữ', 1),
('412', ' Nguồn gốc của các dạng chuẩn của ngôn ngữ', 1),
('413', ' Từ điển các dạng chuẩn của ngôn ngữ', 1),
('414', ' Ngữ âm và ngữ âm của các dạng chuẩn của ngôn ngữ', 1),
('415', ' Ngữ pháp của các dạng chuẩn của ngôn ngữ', 1),
('417', ' Phương ngữ học và ngôn ngữ học lịch sử', 1),
('418', 'Sử dụng chuẩn ( Ngôn ngữ học quy phạm )', 1),
('419', ' Ngôn ngữ ký hiệu', 1),
('420', ' tiếng Anh và tiếng Anh cổ', 1),
('421', ' Hệ thống chữ viết , ngữ âm , ngữ âm của tiếng Anh chuẩn', 1),
('422', 'Từ nguyên của tiếng Anh chuẩn', 1),
('423', 'Từ điển tiếng Anh chuẩn', 1),
('424', ' Không còn được sử dụng nữa — trước đây là \" Từ điển đồng nghĩa tiếng Anh \"', 1),
('425', ' Ngữ pháp tiếng Anh chuẩn', 1),
('427', 'Biến thể lịch sử và địa lý, biến thể phi địa lý hiện đại của tiếng Anh', 1),
('428', 'Cách sử dụng tiếng Anh chuẩn ( Ngôn ngữ học quy phạm )', 1),
('429', ' Tiếng Anh cổ (Anglo-Saxon)', 1),
('430', 'tiếng Đức và các ngôn ngữ liên quan', 1),
('431', ' Hệ thống chữ viết , ngữ âm , ngữ âm của tiếng Đức chuẩn', 1),
('432', 'Nguồn gốc của tiếng Đức chuẩn', 1),
('433', 'Từ điển tiếng Đức chuẩn', 1),
('435', ' Ngữ pháp tiếng Đức chuẩn', 1),
('437', 'Biến thể lịch sử và địa lý, biến thể phi địa lý hiện đại của tiếng Đức', 1),
('438', 'Cách sử dụng tiếng Đức chuẩn (Ngôn ngữ học quy phạm)', 1),
('439', 'Ngôn ngữ Đức khác', 1),
('440', ' tiếng Pháp và các ngôn ngữ liên quan', 1),
('441', ' Hệ thống chữ viết , ngữ âm , ngữ âm của tiếng Pháp chuẩn', 1),
('442', 'Nguồn gốc của tiếng Pháp chuẩn', 1),
('443', 'Từ điển tiếng Pháp chuẩn', 1),
('445', ' Ngữ pháp tiếng Pháp chuẩn', 1),
('447', 'Biến thể lịch sử và địa lý, biến thể phi địa lý hiện đại của tiếng Pháp', 1),
('448', 'Cách sử dụng tiếng Pháp chuẩn (Ngôn ngữ học quy phạm)', 1),
('449', 'Tiếng Occitan Catalan , Pháp-Provençal', 1),
('450', ' tiếng Ý , tiếng Rumani và các ngôn ngữ liên quan', 1),
('451', 'Hệ thống chữ viết, ngữ âm , ngữ âm của tiếng Ý chuẩn', 1),
('452', 'Nguồn gốc của tiếng Ý chuẩn', 1),
('453', 'Từ điển tiếng Ý chuẩn', 1),
('455', ' Ngữ pháp tiếng Ý chuẩn', 1),
('457', 'Biến thể lịch sử và địa lý, biến thể phi địa lý hiện đại của tiếng Ý', 1),
('458', 'Cách sử dụng tiếng Ý chuẩn (Ngôn ngữ học quy phạm)', 1),
('459', 'Tiếng Rumani, Tiếng Rhaetia, Tiếng Sardinia, Tiếng Corsica', 1),
('460', ' Tây Ban Nha , Bồ Đào Nha , Galicia', 1),
('461', ' Hệ thống chữ viết , ngữ âm , ngữ âm của tiếng Tây Ban Nha chuẩn', 1),
('462', 'Nguồn gốc của tiếng Tây Ban Nha chuẩn', 1),
('463', 'Từ điển tiếng Tây Ban Nha chuẩn', 1),
('465', ' Ngữ pháp tiếng Tây Ban Nha chuẩn', 1),
('467', 'Biến thể lịch sử và địa lý, biến thể phi địa lý hiện đại của tiếng Tây Ban Nha', 1),
('468', 'Cách sử dụng tiếng Tây Ban Nha chuẩn (Ngôn ngữ học quy phạm)', 1),
('469', ' tiếng Bồ Đào Nha', 1),
('470', 'tiếng Latin và các ngôn ngữ Italic liên quan', 1),
('471', 'Hệ thống chữ viết, ngữ âm, ngữ âm của tiếng Latin cổ điển', 1),
('472', 'Nguồn gốc của tiếng Latin cổ điển', 1),
('473', 'Từ điển tiếng La-tinh cổ điển', 1),
('475', ' Ngữ pháp tiếng La-tinh cổ điển', 1),
('477', 'Tiếng La-tinh cổ , hậu cổ điển, thô tục', 1),
('478', 'Sử dụng tiếng Latin cổ điển (Ngôn ngữ học quy phạm)', 1),
('479', 'Ngôn ngữ in nghiêng khác', 1),
('480', 'Ngôn ngữ Hy Lạp cổ điển và hiện đại', 1),
('481', 'Hệ thống chữ viết, ngữ âm , ngữ âm của tiếng Hy Lạp cổ điển', 1),
('482', 'Nguồn gốc của tiếng Hy Lạp cổ điển', 1),
('483', 'Từ điển tiếng Hy Lạp cổ điển', 1),
('485', 'Ngữ pháp tiếng Hy Lạp cổ điển', 1),
('487', ' Tiếng Hy Lạp tiền cổ điển và hậu cổ điển', 1),
('488', 'Cách sử dụng tiếng Hy Lạp cổ điển (Ngôn ngữ học quy phạm)', 1),
('489', 'Ngôn ngữ Hy Lạp khác', 1),
('490', 'Ngôn ngữ khác', 1),
('491', 'ngôn ngữ Đông Ấn-Âu và Celt', 1),
('492', ' ngôn ngữ Phi-Á', 1),
('493', 'Ngôn ngữ Phi-Á không phải Semit', 1),
('494', 'Ngôn ngữ Altaic , Ural , Hyperborean, Dravidian , các ngôn ngữ hỗn hợp của N', 1),
('495', 'Ngôn ngữ Đông Á và Đông Nam Á', 1),
('496', ' ngôn ngữ Châu Phi', 1),
('497', ' ngôn ngữ bản địa Bắc Mỹ', 1),
('498', ' ngôn ngữ bản địa Nam Mỹ', 1),
('499', 'Ngôn ngữ không phải Nam Đảo của Châu Đại Dương, Ngôn ngữ Nam Đảo', 1),
('500', ' Khoa học tự nhiên và toán học', 1),
('501', 'Triết học và lý thuyết', 1),
('502', 'Lặt Vặt', 1),
('503', 'Từ điển, bách khoa toàn thư , mục lục', 1),
('505', 'Ấn phẩm nhiều kỳ', 1),
('506', 'Tổ chức và quản lý', 1),
('507', 'Giáo dục, nghiên cứu, chủ đề liên quan', 1),
('508', ' Lịch sử tự nhiên', 1),
('509', ' Lịch sử , xử lý địa lý , tiểu sử', 1),
('510', ' Toán học', 1),
('511', 'Nguyên lý chung của toán học', 1),
('512', ' Đại số', 1),
('513', ' Số học', 1),
('514', ' Cấu trúc', 1),
('515', ' Phân tích', 1),
('516', ' Hình học', 1),
('518', ' Phân tích số', 1),
('519', ' Xác suất và toán ứng dụng', 1),
('520', ' Thiên văn học và các khoa học liên quan', 1),
('521', ' Cơ học thiên thể', 1),
('522', 'Kỹ thuật, quy trình, thiết bị, dụng cụ, vật liệu', 1),
('523', ' Các thiên thể và hiện tượng cụ thể', 1),
('525', ' Trái Đất (Địa lý thiên văn)', 1),
('526', 'Địa lý toán học', 1),
('527', ' Điều hướng thiên thể', 1),
('528', ' Lịch thiên văn', 1),
('529', ' Niên đại', 1),
('530', 'Vật lý', 1),
('531', ' Cơ học cổ điển', 1),
('532', ' Cơ học chất lưu', 1),
('533', ' Khí nén (Cơ học khí)', 1),
('534', ' Âm thanh và rung động liên quan', 1),
('535', ' Ánh sáng và bức xạ liên quan', 1),
('536', ' Nhiệt', 1),
('537', ' Điện và điện tử', 1),
('538', ' Từ tính', 1),
('539', ' Vật lý hiện đại', 1),
('540', 'Hóa học và các khoa học liên quan', 1),
('541', ' Hóa học vật lý', 1),
('542', 'Kỹ thuật, quy trình, thiết bị, dụng cụ, vật liệu', 1),
('543', ' Hóa học phân tích', 1),
('546', ' Hóa học vô cơ', 1),
('547', ' Hóa hữu cơ', 1),
('548', ' Tinh thể học', 1),
('549', ' Khoáng vật học', 1),
('550', ' Khoa học Trái đất và địa chất', 1),
('551', ' Địa chất , thủy văn , khí tượng', 1),
('552', ' Thạch học', 1),
('553', ' Địa chất kinh tế', 1),
('554', 'Khoa học Trái đất của Châu Âu', 1),
('555', 'Khoa học Trái đất của Châu Á', 1),
('556', 'Khoa học Trái đất của Châu Phi', 1),
('557', 'Khoa học Trái đất của Bắc Mỹ', 1),
('558', 'Khoa học Trái đất của Nam Mỹ', 1),
('559', 'Khoa học Trái đất của Châu Úc, các đảo Thái Bình Dương, các đảo Đại Tây Dương, các đảo Bắc Cực, Nam Cực, các thế giới ngoài Trái đất', 1),
('560', ' Hóa thạch và cuộc sống thời tiền sử', 1),
('561', ' Cổ thực vật học , vi sinh vật hóa thạch', 1),
('562', 'Động vật không xương sống hóa thạch', 1),
('563', 'Hóa thạch động vật không xương sống biển và ven biển khác nhau', 1),
('564', 'Hóa thạch động vật thân mềm và động vật thân mềm', 1),
('565', 'Hóa thạch động vật chân đốt', 1),
('566', 'Hóa thạch Chordata', 1),
('567', 'Hóa thạch động vật có xương sống máu lạnh', 1),
('568', 'Hóa thạch Aves (chim)', 1),
('569', 'Hóa thạch động vật có vú', 1),
('570', ' Sinh học', 1),
('571', ' Sinh lý học và các môn liên quan', 1),
('572', ' Hóa sinh', 1),
('573', 'Hệ thống sinh lý đặc hiệu ở động vật, mô học khu vực và sinh lý ở động vật', 1),
('575', 'Các bộ phận cụ thể và hệ thống sinh lý ở thực vật', 1),
('576', ' Di truyền học và tiến hóa', 1),
('577', ' Sinh thái học', 1),
('578', ' Lịch sử tự nhiên của sinh vật và các chủ đề liên quan', 1),
('579', 'Lịch sử tự nhiên của vi sinh vật , nấm , tảo', 1),
('580', 'Thực vật', 1),
('581', 'Chủ đề cụ thể trong lịch sử tự nhiên của thực vật', 1),
('582', 'Cây được ghi chú có đặc điểm sinh trưởng và hoa cụ thể', 1),
('583', 'Magnoliopsida ( Thực vật hai lá mầm )', 1),
('584', 'Liliopsida ( Cây một lá mầm )', 1),
('585', 'Pinophyta ( Thực vật hạt trần )', 1),
('586', ' Cryptogamia (Cây không hạt)', 1),
('587', ' Dương xỉ', 1),
('588', ' Rêu', 1),
('590', ' Động vật ( Động vật học )', 1),
('591', 'Chủ đề cụ thể trong lịch sử tự nhiên của động vật', 1),
('592', ' Động vật không xương sống', 1),
('593', 'Động vật không xương sống biển và ven biển khác', 1),
('594', ' Thân mềm và Động vật thân mềm', 1),
('595', ' Động vật chân đốt', 1),
('596', ' Động vật có dây sống', 1),
('597', ' Động vật có xương sống máu lạnh', 1),
('598', ' Aves (Chim)', 1),
('599', ' Động vật có vú (Mammalia)', 1),
('600', 'Công nghệ (Khoa học ứng dụng)', 1),
('601', 'Triết học và lý thuyết', 1),
('602', 'Lặt Vặt', 1),
('603', 'Từ điển, bách khoa toàn thư, sách đối chiếu', 1),
('604', 'Bản vẽ kỹ thuật, công nghệ vật liệu nguy hiểm; nhóm người', 1),
('605', 'Ấn phẩm nhiều kỳ', 1),
('606', 'Tổ chức', 1),
('607', 'Giáo dục, nghiên cứu, chủ đề liên quan', 1),
('608', ' Bằng sáng chế', 1),
('609', ' Lịch sử , xử lý địa lý, tiểu sử', 1),
('610', ' Y học và sức khỏe', 1),
('611', ' Giải phẫu người , tế bào học , mô học', 1),
('612', ' Sinh lý học con người', 1),
('613', 'Sức khỏe và an toàn cá nhân', 1),
('614', ' Y học pháp y ; tỷ lệ thương tích, vết thương, bệnh tật; y học phòng ngừa cộng đồng', 1),
('615', ' Dược lý và liệu pháp', 1),
('616', ' Bệnh tật', 1),
('617', ' Phẫu thuật , y học khu vực, nha khoa , nhãn khoa', 1),
('618', ' Phụ khoa , sản khoa, nhi khoa, lão khoa', 1),
('619', ' Không còn được sử dụng nữa—trước đây là Y học thực nghiệm', 1),
('620', 'Kỹ thuật và hoạt động ứng dụng', 1),
('621', ' Vật lý ứng dụng', 1),
('622', ' Khai thác và các hoạt động liên quan', 1),
('623', 'Kỹ thuật quân sự và hàng hải', 1),
('624', ' Kỹ thuật xây dựng', 1),
('625', 'Kỹ thuật đường sắt , đường bộ', 1),
('627', ' Kỹ thuật thủy lực', 1),
('628', ' Kỹ thuật vệ sinh', 1),
('629', 'Các ngành kỹ thuật khác', 1),
('630', 'Nông nghiệp và công nghệ liên quan', 1),
('631', 'Kỹ thuật cụ thể; thiết bị, dụng cụ , vật liệu', 1),
('632', 'Tổn thương thực vật, bệnh tật , sâu bệnh', 1),
('633', ' Cây trồng trên đồng ruộng và đồn điền', 1),
('634', ' Vườn cây ăn quả , cây ăn quả , lâm nghiệp', 1),
('635', 'Cây trồng trong vườn ( Làm vườn )', 1),
('636', ' Chăn nuôi', 1),
('637', 'Chế biến sữa và các sản phẩm liên quan', 1),
('638', 'Nuôi côn trùng', 1),
('639', ' Săn bắn , đánh cá , bảo tồn , công nghệ liên quan', 1),
('640', 'Quản lý nhà cửa và gia đình', 1),
('641', ' Đồ ăn và đồ uống', 1),
('642', ' Bữa ăn và dịch vụ bàn', 1),
('643', ' Nhà ở và đồ dùng gia đình', 1),
('644', ' Tiện ích gia đình', 1),
('645', ' Đồ gia dụng', 1),
('646', ' May vá , may mặc , quản lý cuộc sống cá nhân và gia đình', 1),
('647', ' Quản lý hộ công (Quản lý nhà nước)', 1),
('648', ' Dọn dẹp nhà cửa', 1),
('649', ' Nuôi dạy trẻ em ; chăm sóc tại nhà cho người khuyết tật và người bệnh', 1),
('650', 'Quản lý và dịch vụ hỗ trợ', 1),
('651', ' Dịch vụ văn phòng', 1),
('652', 'Các quá trình giao tiếp bằng văn bản', 1),
('653', ' Viết tắt', 1),
('657', ' Kế toán', 1),
('658', 'Quản lý chung', 1),
('659', ' Quảng cáo và quan hệ công chúng', 1),
('660', 'Kỹ thuật hóa học và công nghệ liên quan', 1),
('661', 'Công nghệ hóa chất công nghiệp', 1),
('662', 'Công nghệ thuốc nổ , nhiên liệu , sản phẩm liên quan', 1),
('663', 'Công nghệ đồ uống', 1),
('664', ' Công nghệ thực phẩm', 1),
('665', 'Công nghệ dầu , mỡ , sáp , khí công nghiệp', 1),
('666', 'Công nghệ gốm và liên quan', 1),
('667', ' Vệ sinh , màu sắc , lớp phủ, công nghệ liên quan', 1),
('668', 'Công nghệ sản phẩm hữu cơ khác', 1),
('669', ' Luyện kim', 1),
('670', ' Sản xuất', 1),
('671', 'Quy trình gia công kim loại và sản phẩm kim loại cơ bản', 1),
('672', ' Sắt , thép , hợp kim sắt khác', 1),
('673', 'Kim loại màu', 1),
('674', 'Chế biến gỗ , sản phẩm gỗ , nút chai', 1),
('675', ' Chế biến da và lông thú', 1),
('676', ' Công nghệ bột giấy và giấy', 1),
('677', ' Dệt may', 1),
('678', ' Chất đàn hồi và sản phẩm chất đàn hồi', 1),
('679', 'Các sản phẩm khác làm từ các loại vật liệu đặc biệt', 1),
('680', 'Sản xuất sản phẩm phục vụ mục đích sử dụng cụ thể', 1),
('681', ' Dụng cụ chính xác và các thiết bị khác', 1),
('682', 'Nghề rèn nhỏ ( Rèn )', 1),
('683', ' Đồ kim khí và đồ gia dụng', 1),
('684', 'Đồ nội thất và xưởng gia đình', 1),
('685', 'Hàng da và lông thú và các sản phẩm liên quan', 1),
('686', ' In ấn và các hoạt động liên quan', 1),
('687', ' Quần áo và phụ kiện', 1),
('688', 'Các sản phẩm cuối cùng khác và công nghệ đóng gói', 1),
('690', 'Xây dựng công trình', 1),
('691', 'Vật liệu xây dựng', 1),
('692', 'Thực hành xây dựng phụ trợ', 1),
('693', 'Xây dựng bằng các loại vật liệu cụ thể và cho mục đích cụ thể', 1),
('694', ' Xây dựng bằng gỗ', 1),
('695', ' Mái lợp', 1),
('696', 'Tiện ích', 1),
('697', ' Kỹ thuật sưởi ấm , thông gió , điều hòa không khí', 1),
('698', 'Hoàn thiện chi tiết', 1),
('700', 'Nghệ thuật', 1),
('701 ', 'Triết học và lý thuyết về mỹ thuật và trang trí', 1),
('702', 'Mỹ thuật trang trí và mỹ thuật tổng hợp', 1),
('703', 'Từ điển, bách khoa toàn thư, sách hướng dẫn về mỹ thuật và trang trí', 1),
('704', 'Chủ đề đặc biệt trong mỹ thuật và trang trí', 1),
('705 ', 'Ấn phẩm nhiều kỳ về mỹ thuật và trang trí', 1),
('706', 'Tổ chức và quản lý mỹ thuật và trang trí', 1),
('707', 'Giáo dục, nghiên cứu, các chủ đề liên quan đến mỹ thuật và trang trí', 1),
('708 ', 'Phòng trưng bày, bảo tàng, bộ sưu tập nghệ thuật trang trí và mỹ thuật tư nhân', 1),
('709 ', 'Lịch sử , xử lý địa lý, tiểu sử', 1),
('710', 'Quy hoạch khu vực và kiến ​​trúc cảnh quan', 1),
('711 ', 'Quy hoạch khu vực (Nghệ thuật dân sự)', 1),
('712 ', 'Kiến trúc cảnh quan (Thiết kế cảnh quan)', 1),
('713', 'Kiến trúc cảnh quan giao thông', 1),
('714 ', 'Đặc điểm nước trong kiến ​​trúc cảnh quan', 1),
('715 ', 'Cây thân gỗ trong kiến ​​trúc cảnh quan', 1),
('716 ', 'Cây thân thảo trong kiến ​​trúc cảnh quan', 1),
('717', 'Cấu trúc trong kiến ​​trúc cảnh quan', 1),
('718', 'Thiết kế cảnh quan nghĩa trang', 1),
('719 ', 'Cảnh quan thiên nhiên', 1),
('720 ', 'Kiến trúc', 1),
('721', 'Vật liệu kiến ​​trúc và các yếu tố kết cấu', 1),
('722', 'Kiến trúc từ thời kỳ đầu tiên đến khoảng năm  300', 1),
('723', 'Kiến trúc từ khoảng năm  300 đến năm 1399', 1),
('724', 'Kiến trúc từ năm 1400', 1),
('725', 'Công trình công cộng', 1),
('726 ', 'Tòa nhà cho mục đích tôn giáo và liên quan', 1),
('727', 'Tòa nhà phục vụ mục đích giáo dục và nghiên cứu', 1),
('728 ', 'Nhà ở và các công trình liên quan', 1),
('729 ', 'Thiết kế và trang trí kết cấu và phụ kiện', 1),
('730', 'Điêu khắc và nghệ thuật liên quan', 1),
('731', 'Quá trình, hình thức, chủ đề của điêu khắc', 1),
('732', 'Điêu khắc từ thời kỳ đầu đến khoảng năm  500 , điêu khắc của những người không biết chữ', 1),
('733 ', 'Tác phẩm điêu khắc Hy Lạp, Etruscan, La Mã', 1),
('734', 'Tác phẩm điêu khắc từ khoảng năm 500 đến năm 1399', 1),
('735', 'Tác phẩm điêu khắc từ năm 1400', 1),
('736 ', 'Điêu khắc và chạm khắc', 1),
('737 ', 'Tiền tệ học và chữ ký học', 1),
('738 ', 'Nghệ thuật gốm sứ', 1),
('739', 'Nghệ thuật kim loại', 1),
('740', 'Nghệ thuật đồ họa và nghệ thuật trang trí', 1),
('741', 'Bản vẽ và bản vẽ', 1),
('742 ', 'Phối cảnh trong bản vẽ', 1),
('743', 'Bản vẽ và bản vẽ theo chủ đề', 1),
('744', 'Thiết kế truyền thông và thiết kế hình ảnh (đề xuất [ 5 ] )', 1),
('745', 'Nghệ thuật trang trí', 1),
('746 ', 'Nghệ thuật dệt may', 1),
('747 ', 'Trang trí nội thất', 1),
('748 ', 'Kính', 1),
('749 ', 'Nội thất và phụ kiện', 1),
('750', 'Hội họa', 1),
('751', 'Kỹ thuật, quy trình, thiết bị, dụng cụ, vật liệu, hình thức', 1),
('752 ', 'Màu', 1),
('753 ', 'Biểu tượng , ẩn dụ , thần thoại , truyền thuyết', 1),
('754 ', 'Tranh thể loại', 1),
('755 ', 'Tôn giáo', 1),
('757', 'Hình người', 1),
('758', 'Thiên nhiên, chủ đề kiến ​​trúc và cảnh quan thành phố, các chủ đề cụ thể khác', 1),
('759 ', 'Lịch sử , xử lý địa lý, tiểu sử', 1),
('760 ', 'In ấn và bản in', 1),
('761', 'Quy trình in nổi ( In khối )', 1),
('763', 'Quy trình in thạch bản (Quy trình in phẳng)', 1),
('764 ', 'Sắc ký và in lụa', 1),
('765 ', 'Khắc kim loại', 1),
('766 ', 'Khắc mezzotinting , khắc aquatinting và các quy trình liên quan', 1),
('767 ', 'Khắc axit và khắc kim', 1),
('769', 'Bản in', 1),
('770 ', 'Nhiếp ảnh , nghệ thuật máy tính, phim, video', 1),
('771 ', 'Kỹ thuật , quy trình, thiết bị, dụng cụ , vật liệu', 1),
('772', 'Quá trình muối kim loại', 1),
('773', 'Quy trình in sắc tố', 1),
('776 ', 'Nghệ thuật máy tính (Nghệ thuật số)', 1),
('777 ', 'Quay phim và Quay video', 1),
('778', 'Các lĩnh vực cụ thể và các loại hình nhiếp ảnh đặc biệt', 1),
('779 ', 'Hình ảnh chụp', 1),
('780 ', 'Âm nhạc', 1),
('781 ', 'Nguyên tắc chung và hình thức âm nhạc', 1),
('782 ', 'Nhạc thanh nhạc', 1),
('783', 'Nhạc cho giọng đơn', 1),
('784 ', 'Nhạc cụ và các nhóm nhạc cụ và âm nhạc của họ', 1),
('785', 'Nhóm nhạc chỉ có một nhạc cụ cho mỗi phần', 1),
('786 ', 'Bàn phím , nhạc cụ cơ học, điện tử, gõ', 1),
('787 ', 'Nhạc cụ dây (Đàn dây)', 1),
('788 ', 'Nhạc cụ hơi (Aerophone)', 1),
('790', 'Nghệ thuật giải trí và biểu diễn', 1),
('791', 'Biểu diễn công cộng', 1),
('792', 'Trình bày trên sân khấu', 1),
('793 ', 'Trò chơi trong nhà và giải trí', 1),
('794', 'Trò chơi kỹ năng trong nhà', 1),
('795', 'Trò chơi may rủi', 1),
('796', 'Thể thao và trò chơi ngoài trời và thể thao', 1),
('797', 'Thể thao dưới nước và trên không', 1),
('798 ', 'Thể thao cưỡi ngựa và đua động vật', 1),
('799 ', 'Câu cá , săn bắn , bắn súng', 1),
('800 ', 'Văn học , tu từ và phê bình', 1),
('801', 'Triết học và lý thuyết', 1),
('802', 'Lặt Vặt', 1),
('803', 'Từ điển, bách khoa toàn thư, sách đối chiếu', 1),
('805 ', 'Ấn phẩm nhiều kỳ', 1),
('806', 'Tổ chức và quản lý', 1),
('807', 'Giáo dục, nghiên cứu, chủ đề liên quan', 1),
('808', 'Tu từ học và tập hợp các văn bản văn học từ hơn hai nền văn học', 1),
('809 ', 'Lịch sử , mô tả, đánh giá phê bình hơn hai tác phẩm văn học', 1),
('810 ', 'Văn học Mỹ bằng tiếng Anh', 1),
('811 ', 'Thơ Mỹ bằng tiếng Anh', 1),
('812', 'Kịch Mỹ bằng tiếng Anh', 1),
('813', 'tiểu thuyết Mỹ bằng tiếng Anh', 1),
('814', 'bài luận tiếng Anh của Mỹ', 1),
('815', 'bài phát biểu của người Mỹ bằng tiếng Anh', 1),
('816', 'chữ cái Mỹ bằng tiếng Anh', 1),
('817', 'Sự hài hước và châm biếm của Mỹ bằng tiếng Anh', 1),
('818', 'bài viết hỗn hợp của Mỹ bằng tiếng Anh', 1),
('820', 'Văn học Anh và Anh cổ', 1),
('821', 'Thơ Anh', 1),
('822 ', 'Kịch tiếng Anh', 1),
('823', 'Tiểu thuyết tiếng Anh', 1),
('824', 'bài luận tiếng Anh', 1),
('825', 'bài phát biểu tiếng Anh', 1),
('826', 'chữ cái tiếng Anh', 1),
('827', 'Tiếng Anh hài hước và châm biếm', 1),
('828', 'bài viết tiếng Anh hỗn hợp', 1),
('829', 'Văn học Anh cổ (Anglo-Saxon)', 1),
('830', 'Văn học Đức và các tác phẩm văn học của các ngôn ngữ liên quan', 1),
('831 ', 'Thơ Đức', 1),
('832', 'Kịch Đức', 1),
('833', 'tiểu thuyết Đức', 1),
('834', 'bài luận tiếng Đức', 1),
('835', 'bài phát biểu tiếng Đức', 1),
('836', 'chữ cái tiếng Đức', 1),
('837', 'Hài hước và châm biếm của Đức', 1),
('838', 'bài viết khác nhau của Đức', 1),
('839', 'Các tác phẩm văn học Đức khác', 1),
('840', 'Văn học Pháp và các tài liệu liên quan', 1),
('841 ', 'Thơ Pháp', 1),
('842', 'Kịch Pháp', 1),
('843', 'tiểu thuyết Pháp', 1),
('844', 'bài luận tiếng Pháp', 1),
('845', 'bài phát biểu tiếng Pháp', 1),
('846', 'chữ cái tiếng Pháp', 1),
('847', 'Hài hước và châm biếm của Pháp', 1),
('848', 'bài viết khác nhau của Pháp', 1),
('849', 'Văn học Occitan , Catalan , Pháp-Provençal', 1),
('850', 'Văn học của các ngôn ngữ Ý', 1),
('851 ', 'Thơ Ý', 1),
('852', 'Kịch Ý', 1),
('853', 'tiểu thuyết Ý', 1),
('854', 'bài luận tiếng Ý', 1),
('855', 'bài phát biểu bằng tiếng Ý', 1),
('856', 'chữ cái tiếng Ý', 1),
('857', 'Hài hước và châm biếm của Ý', 1),
('858', 'bài viết khác nhau của Ý', 1),
('859', 'Văn học của các ngôn ngữ Rumani, Rhaetian, Sardinia, Corsica', 1),
('860', 'Văn học Tây Ban Nha , Bồ Đào Nha , Galicia', 1),
('861 ', 'Văn học Tây Ban Nha, Bồ Đào Nha, Galicia', 1),
('862', 'Thơ Tây Ban Nha', 1),
('863', 'Kịch Tây Ban Nha', 1),
('864', 'tiểu thuyết Tây Ban Nha', 1),
('865', 'bài luận tiếng Tây Ban Nha', 1),
('866', 'bài phát biểu tiếng Tây Ban Nha', 1),
('867', 'chữ cái tiếng Tây Ban Nha', 1),
('868', 'truyện cười và châm biếm Tây Ban Nha', 1),
('869', 'bài viết hỗn hợp tiếng Tây Ban Nha', 1),
('870', 'Văn học La tinh', 1),
('871 ', 'Văn học La tinh và các văn học của các ngôn ngữ Italic liên quan', 1),
('872', 'Thơ La-tinh', 1),
('873', 'Thơ và kịch Latin', 1),
('874', 'Thơ sử thi và tiểu thuyết La-tinh', 1),
('875', 'Thơ trữ tình tiếng La-tinh', 1),
('876', 'bài phát biểu bằng tiếng Latin', 1),
('877', 'chữ cái La-tinh', 1),
('878', 'Sự hài hước và châm biếm của người La-tinh', 1),
('879', 'tác phẩm viết bằng tiếng La-tinh', 1),
('880', 'Văn học Hy Lạp cổ điển và hiện đại', 1),
('881', 'Văn học Hy Lạp cổ điển và các văn học của các ngôn ngữ Hy Lạp liên quan', 1),
('882', 'Thơ Hy Lạp cổ điển', 1),
('883', 'Kịch Hy Lạp cổ điển', 1),
('884', 'Thơ sử thi và tiểu thuyết Hy Lạp cổ điển', 1),
('885', 'Thơ trữ tình Hy Lạp cổ điển', 1),
('886', 'bài phát biểu tiếng Hy Lạp cổ điển', 1),
('887', 'chữ cái Hy Lạp cổ điển', 1),
('888', 'Sự hài hước và châm biếm của Hy Lạp cổ đại', 1),
('889 ', 'tác phẩm văn học Hy Lạp cổ điển hỗn hợp', 1),
('890', 'Văn học khác', 1),
('891 ', 'Văn học của các ngôn ngữ và ngữ hệ cụ thể khác', 1),
('892 ', 'Văn học Đông Ấn-Âu và Celt', 1),
('893', 'Văn học Phi-Á', 1),
('894', 'Văn học Phi-Á phi Do Thái', 1),
('895', 'Văn học Việt Nam', 1),
('896', 'Văn học Đông Á và Đông Nam Á', 1),
('897', 'tác phẩm văn học Châu Phi', 1),
('898', 'Văn học của các ngôn ngữ bản địa Bắc Mỹ', 1),
('899', 'Văn học của các ngôn ngữ bản địa Nam Mỹ', 1),
('900', 'Lịch sử, địa lý và các môn học phụ trợ', 1),
('901', 'Triết học và lý thuyết lịch sử', 1),
('902', 'Lặt Vặt Lịch Sử', 1),
('903', 'Từ điển, bách khoa toàn thư, sách đối chiếu lịch sử', 1),
('904', 'Tài khoản thu thập các sự kiện', 1),
('905', 'Ấn phẩm lịch sử nhiều kỳ', 1),
('906', 'Tổ chức và quản lý lịch sử', 1),
('907', 'Giáo dục, nghiên cứu, các chủ đề liên quan đến lịch sử', 1),
('908', 'Lịch sử liên quan đến các nhóm người', 1),
('909', ' Lịch sử thế giới', 1),
('910', ' Địa lý và du lịch', 1),
('911', ' Địa lý lịch sử', 1),
('912', ' Biểu diễn đồ họa bề mặt Trái Đất và thế giới ngoài Trái Đất', 1),
('913', 'Địa lý và du lịch trong thế giới cổ đại', 1),
('914', 'Địa lý và du lịch ở Châu Âu', 1),
('915', 'Địa lý và du lịch Châu Á', 1),
('916', 'Địa lý và du lịch ở Châu Phi', 1),
('917', 'Địa lý và du lịch ở Bắc Mỹ', 1),
('918', 'Địa lý và du lịch ở Nam Mỹ', 1),
('919', 'Địa lý và du lịch ở Châu Úc', 1),
('920', ' Tiểu sử và phả hệ', 1),
('921', 'Phạm vi này được dành riêng làm vị trí tùy chọn cho tiểu sử, được sắp xếp theo thứ tự bảng chữ cái theo họ của chủ thể.', 1),
('929', 'Gia phả, tên , phù hiệu', 1),
('930', 'Lịch sử thế giới cổ đại đến khoảng năm  499', 1),
('931', ' Lịch sử Trung Quốc đến 420', 1),
('932', '  Lịch sử Ai Cập đến 640', 1),
('933', '  Lịch sử Palestine đến 70', 1),
('934', 'Lịch sử  Nam Á đến 647', 1),
('935', 'Lịch sử  Lưỡng Hà và Cao nguyên Iran đến 637', 1),
('936', 'Lịch sử  Châu Âu phía bắc và phía tây của Bán đảo Ý đến khoảng năm  499', 1),
('937', 'Lịch sử  Ý và các vùng lãnh thổ lân cận đến 476', 1),
('938', 'Lịch sử  Hy Lạp đến 323', 1),
('939', 'Lịch sử Các phần khác của thế giới cổ đại', 1),
('940', 'Lịch sử Lịch sử Châu Âu', 1),
('941', 'Lịch sử  Quần đảo Anh', 1),
('942', 'Lịch sử  Anh và xứ Wales', 1),
('943', 'Lịch sử  Đức và các nước Trung Âu lân cận', 1),
('944', 'Lịch sử  Pháp và Monaco', 1),
('945', 'Lịch sử  Ý , San Marino, Thành phố Vatican, Malta', 1),
('946', 'Lịch sử  Tây Ban Nha , Andorra, Gibraltar, Bồ Đào Nha', 1),
('947', 'Lịch sử  Nga và các nước Đông Âu lân cận', 1),
('948', 'Lịch sử  Scandinavia', 1),
('949', 'Lịch sử Các khu vực khác của Châu Âu', 1),
('950', 'Lịch sử Lịch sử Châu Á', 1),
('951', 'Lịch sử  Trung Quốc và các vùng lân cận', 1),
('952', 'Lịch sử  Nhật Bản', 1),
('953', 'Lịch sử  Bán đảo Ả Rập và các khu vực lân cận', 1),
('954', 'Lịch sử  Ấn Độ và các nước Nam Á lân cận', 1),
('955', 'Lịch sử  Iran', 1),
('956', 'Lịch sử  Trung Đông (Cận Đông)', 1),
('957', 'Lịch sử  Siberia (Nga Châu Á)', 1),
('958', 'Lịch sử  Trung Á', 1),
('959', 'Lịch sử  Đông Nam Á', 1),
('960', 'Lịch sử Lịch sử Châu Phi', 1),
('961', 'Lịch sử  Tunisia và Libya', 1),
('962', 'Lịch sử  Ai Cập , Sudan , Nam Sudan', 1),
('963', 'Lịch sử  Ethiopia và Eritrea', 1),
('964', 'Lịch sử  Morocco , Ceuta, Melilla Tây Sahara, Quần đảo Canary', 1),
('965', 'Lịch sử  Algérie', 1),
('966', 'Lịch sử  Tây Phi và các đảo ngoài khơi', 1),
('967', 'Lịch sử  Trung Phi và các đảo ngoài khơi', 1),
('968', 'Lịch sử  Nam Phi và Nam Phi', 1),
('969', 'Lịch sử  đảo Nam Ấn Độ Dương', 1),
('970', 'Lịch sử Lịch sử Bắc Mỹ', 1),
('971', 'Lịch sử  Canada', 1),
('972', 'Lịch sử  Mexico , Trung Mỹ , Tây Ấn, Bermuda', 1),
('973', 'Lịch sử  Hoa Kỳ', 1),
('974', 'Lịch sử  Đông Bắc Hoa Kỳ (các tiểu bang New England và Trung Đại Tây Dương)', 1),
('975', 'Lịch sử Đông Nam Hoa Kỳ (các tiểu bang Nam Đại Tây Dương)', 1),
('976', 'Lịch sử Nam Trung Bộ Hoa Kỳ', 1),
('977', 'Lịch sử Bắc Trung Bộ Hoa Kỳ', 1),
('978', 'Lịch sử Tây Hoa Kỳ', 1),
('979', 'Lịch sử Khu vực Great Basin và Pacific Slope của Hoa Kỳ', 1),
('980', 'Lịch sử Lịch sử Nam Mỹ', 1),
('981', 'Lịch sử  Brazil', 1),
('982', 'Lịch sử  Áchentina', 1),
('983', 'Lịch sử  Chi-lê', 1),
('984', 'Lịch sử  Bô-li-vi-a', 1),
('985', 'Lịch sử  Pê-ru', 1),
('986', 'Lịch sử  Colombia và Ecuador', 1),
('987', 'Lịch sử  Venezuela', 1),
('988', 'Lịch sử  Guiana', 1),
('989', 'Lịch sử  Paraguay và Uruguay', 1),
('990', 'Lịch sử Lịch sử các khu vực khác', 1),
('993', 'Lịch sử  New Zealand', 1),
('994', 'Lịch sử  Úc', 1),
('995', 'Lịch sử  New Guinea và các nước lân cận Melanesia', 1),
('996', 'Lịch sử  Polynesia và các đảo khác ở Thái Bình Dương', 1),
('997', 'Lịch sử đảo Đại Tây Dương', 1),
('998', 'Lịch sử đảo Bắc Cực và Nam Cực', 1),
('999', 'Lịch sử thế giới ngoài Trái Đất', 1);

-- --------------------------------------------------------

--
-- Cấu trúc bảng cho bảng `ct_phieumuon`
--

CREATE TABLE `ct_phieumuon` (
  `maPM` int(11) NOT NULL,
  `masach` int(11) NOT NULL,
  `ngaymuon` date DEFAULT NULL,
  `ngaytra` date DEFAULT NULL,
  `trangthai_gh` tinyint(4) DEFAULT 0,
  `ngaymuon_goc` date DEFAULT NULL
) ENGINE=InnoDB DEFAULT CHARSET=utf8mb3 COLLATE=utf8mb3_general_ci;

--
-- Đang đổ dữ liệu cho bảng `ct_phieumuon`
--

INSERT INTO `ct_phieumuon` (`maPM`, `masach`, `ngaymuon`, `ngaytra`, `trangthai_gh`, `ngaymuon_goc`) VALUES
(7, 21, '2025-05-08', '2025-05-22', 0, NULL),
(7, 23, '2025-05-08', '2025-05-22', 0, NULL),
(8, 23, '2025-04-25', '2025-04-25', 0, NULL),
(9, 21, '2025-04-26', '2025-04-26', 0, NULL),
(9, 26, '2025-04-26', '2025-04-26', 0, NULL),
(14, 81, '2025-05-27', '2025-06-03', 1, '2025-05-22'),
(15, 67, '2025-05-31', '2025-06-03', 1, '2025-05-26'),
(15, 102, '2025-05-26', '2025-06-03', 0, NULL),
(16, 81, '2025-05-25', '2025-06-08', 0, NULL),
(19, 1378, '2025-06-25', '2025-06-26', 0, NULL),
(20, 1181, '2025-06-25', '2025-07-02', 0, NULL),
(20, 1244, '2025-06-25', '2025-07-02', 0, NULL),
(21, 1320, '2025-02-26', '2025-07-03', 0, NULL);

-- --------------------------------------------------------

--
-- Cấu trúc bảng cho bảng `docgia`
--

CREATE TABLE `docgia` (
  `madg` varchar(20) NOT NULL,
  `hoten` varchar(255) DEFAULT NULL,
  `loai` enum('sinhvien','giangvien','khac') NOT NULL,
  `sdt` varchar(12) DEFAULT NULL,
  `trangthai` tinyint(4) DEFAULT 1,
  `diachi` varchar(255) DEFAULT NULL,
  `matk` int(11) DEFAULT NULL,
  `trangthaidk` tinyint(4) DEFAULT 0,
  `url_anh` varchar(255) DEFAULT NULL
) ENGINE=InnoDB DEFAULT CHARSET=utf8mb3 COLLATE=utf8mb3_general_ci;

--
-- Đang đổ dữ liệu cho bảng `docgia`
--

INSERT INTO `docgia` (`madg`, `hoten`, `loai`, `sdt`, `trangthai`, `diachi`, `matk`, `trangthaidk`, `url_anh`) VALUES
('00053', 'Thạch Kọng Saoane', 'giangvien', '0869847017', 1, 'Khoa Công nghệ Thông tin (Trường Kỹ thuật và Công nghệ)', 276, 0, NULL),
('00241', 'Nguyễn Hoàng Duy Thiện', 'giangvien', '0989274222', 1, 'Khoa Công nghệ Thông tin (Trường Kỹ thuật và Công nghệ)', 277, 0, NULL),
('00242', 'Dương Ngọc Vân Khanh', 'giangvien', '0988332008', 1, 'Khoa Công nghệ Thông tin (Trường Kỹ thuật và Công nghệ)', 278, 0, NULL),
('00243', 'Huỳnh Văn Thanh', 'giangvien', '0977654181', 1, 'Khoa Công nghệ Thông tin (Trường Kỹ thuật và Công nghệ)', 279, 0, NULL),
('00244', 'Nguyễn Nhứt Lam', 'giangvien', '0919556441', 1, 'Khoa Công nghệ Thông tin (Trường Kỹ thuật và Công nghệ)', 294, 0, NULL),
('00245', 'Nguyễn Bảo Ân', 'giangvien', '0907966998', 1, 'Khoa Công nghệ Thông tin (Trường Kỹ thuật và Công nghệ)', 275, 0, NULL),
('00246', 'Nguyễn Ngọc Đan Thanh', 'giangvien', '0916741252', 1, 'Khoa Công nghệ Thông tin (Trường Kỹ thuật và Công nghệ)', 280, 0, NULL),
('00248', 'Phạm Minh Đương', 'giangvien', '0982231344', 1, 'Khoa Công nghệ Thông tin (Trường Kỹ thuật và Công nghệ)', 282, 0, NULL),
('00249', 'Hà Thị Thúy Vi', 'giangvien', '0983001084', 1, 'Khoa Công nghệ Thông tin (Trường Kỹ thuật và Công nghệ)', 283, 0, NULL),
('00250', 'Võ Thành C', 'giangvien', '0909119657', 1, 'Khoa Công nghệ Thông tin (Trường Kỹ thuật và Công nghệ)', 284, 0, NULL),
('00251', 'Trịnh Quốc Việt', 'giangvien', '0354696999', 1, 'Khoa Công nghệ Thông tin (Trường Kỹ thuật và Công nghệ)', 285, 0, NULL),
('00252', 'Trầm Hoàng Nam', 'giangvien', '0977810235', 1, 'Khoa Công nghệ Thông tin (Trường Kỹ thuật và Công nghệ)', 286, 0, NULL),
('00253', 'Đoàn Phước Miền', 'giangvien', '0978962954', 1, 'Khoa Công nghệ Thông tin (Trường Kỹ thuật và Công nghệ)', 287, 0, NULL),
('00254', 'Ngô Thanh Huy', 'giangvien', '0989623237', 1, 'Khoa Công nghệ Thông tin (Trường Kỹ thuật và Công nghệ)', 288, 0, NULL),
('00255', 'Phạm Thị Trúc Mai', 'giangvien', '0936010206', 1, 'Khoa Công nghệ Thông tin (Trường Kỹ thuật và Công nghệ)', 289, 0, NULL),
('00257', 'Nguyễn Mộng Hiền', 'giangvien', '0975999579', 1, 'Khoa Công nghệ Thông tin (Trường Kỹ thuật và Công nghệ)', 293, 0, NULL),
('03539', 'Lê Minh Tự', 'giangvien', '0918677326', 1, 'Khoa Công nghệ Thông tin (Trường Kỹ thuật và Công nghệ)', 291, 0, NULL),
('03546', 'Phan Thị Phương Nam', 'giangvien', '0989236166', 1, 'Khoa Công nghệ Thông tin (Trường Kỹ thuật và Công nghệ)', 292, 0, NULL),
('03562', 'Nguyễn Khắc Quốc', 'giangvien', '0918085180', 1, 'Khoa Công nghệ Thông tin (Trường Kỹ thuật và Công nghệ)', 290, 0, NULL),
('08042014', 'Nguyễn Thị Mỹ Trân', 'khac', '0989392870', 1, 'Vĩnh Long', 270, 0, NULL),
('110120006', 'Đặng Kim Bắc', 'sinhvien', '0326972624', 1, 'DA20TTA', 104, 0, NULL),
('110120047', 'Trầm Hữu Lợi', 'sinhvien', '', 1, 'DA20TTA', 106, 0, NULL),
('110121220', 'Lê Văn Hoàng', 'sinhvien', '0988231451', 1, 'DA21TTC', 5, 0, NULL),
('110121222', 'Nguyễn Quốc Khánh', 'sinhvien', '0912345600', 1, 'DA21TTC', 7, 1, NULL),
('110121223', 'Ngô Thanh Quyền', 'sinhvien', '0923456700', 1, 'DA21TTC', 1, 1, 'public\\uploads\\avatars\\1751037024_87a27cae20cda04c1fb9.jpg'),
('110121224', 'Nguyễn Hoàng Thương', 'sinhvien', '0399077729', 1, 'DA21TTC', 269, 1, NULL),
('110121249', 'Lê Thị Ngọc Hân', 'sinhvien', '0399363827', 1, 'DA21TTC', 77, 1, NULL),
('110123154', 'Nguyễn Đại Phát', 'sinhvien', '', 1, 'DA23TTB', 109, 0, NULL),
('110123155', 'Võ Tấn Phát', 'sinhvien', '', 1, 'DA23TTB', 111, 0, NULL),
('110123157', 'Trần Đình Phú', 'sinhvien', '', 1, 'DA23TTB', 112, 0, NULL),
('110123159', 'Phan Huỳnh Phúc', 'sinhvien', '', 1, 'DA23TTB', 113, 0, NULL),
('110123160', 'Phan Thanh Phúc', 'sinhvien', '', 1, 'DA23TTB', 114, 0, NULL),
('110123161', 'Lê Vũ Duy Phương', 'sinhvien', '', 1, 'DA23TTB', 80, 0, NULL),
('110123162', 'Trần Minh Quang', 'sinhvien', '', 1, 'DA23TTB', 115, 0, NULL),
('110123163', 'Nguyễn Kiến Quốc', 'sinhvien', '', 1, 'DA23TTB', 82, 0, NULL),
('110123166', 'Lê Thanh Sang', 'sinhvien', '', 1, 'DA23TTB', 116, 0, NULL),
('110123167', 'Lê Thanh Sang', 'sinhvien', '', 1, 'DA23TTB', 117, 0, NULL),
('110123168', 'Trần Hoàng Sang', 'sinhvien', '', 1, 'DA23TTB', 83, 0, NULL),
('110123169', 'Lê Ngọc Sơn', 'sinhvien', '', 1, 'DA23TTB', 84, 0, NULL),
('110123170', 'Đinh Thái Tài', 'sinhvien', '', 1, 'DA23TTB', 85, 0, NULL),
('110123171', 'Nguyễn Đỗ Minh Tài', 'sinhvien', '', 1, 'DA23TTB', 86, 0, NULL),
('110123172', 'Thạch Kim Tài', 'sinhvien', '', 1, 'DA23TTB', 87, 0, NULL),
('110123173', 'Võ Anh Tài', 'sinhvien', '', 1, 'DA23TTB', 88, 0, NULL),
('110123174', 'Lê Huỳnh Hiếu Tâm', 'sinhvien', '', 1, 'DA23TTB', 89, 0, NULL),
('110123177', 'Nguyễn Văn Thân', 'sinhvien', '', 1, 'DA23TTB', 118, 0, NULL),
('110123178', 'Phạm Tri Thức', 'sinhvien', '', 1, 'DA23TTB', 94, 0, NULL),
('110123179', 'Nguyễn Văn Hoàng Thiên', 'sinhvien', '', 1, 'DA23TTB', 119, 0, NULL),
('110123180', 'Lê Nhất Thiện', 'sinhvien', '', 1, 'DA23TTB', 92, 0, NULL),
('110123181', 'Nguyễn Thanh Thịnh', 'sinhvien', '', 1, 'DA23TTB', 93, 0, NULL),
('110123183', 'Huỳnh Thị Phương Thùy', 'sinhvien', '', 1, 'DA23TTB', 120, 0, NULL),
('110123184', 'Huỳnh Ngọc Minh Thư', 'sinhvien', '', 1, 'DA23TTB', 121, 0, NULL),
('110123185', 'Nguyễn Hữu Tiến', 'sinhvien', '', 1, 'DA23TTB', 95, 0, NULL),
('110123186', 'Trần Trung Tín', 'sinhvien', '', 1, 'DA23TTB', 96, 0, NULL),
('110123187', 'Đặng Cao Toàn', 'sinhvien', '', 1, 'DA23TTB', 97, 0, NULL),
('110123188', 'Trương Văn Toàn', 'sinhvien', '', 1, 'DA23TTB', 98, 0, NULL),
('110123189', 'Ngô Thanh Trà', 'sinhvien', '', 1, 'DA23TTB', 122, 0, NULL),
('110123191', 'Phạm Thị Bảo Trâm', 'sinhvien', '', 1, 'DA23TTB', 99, 0, NULL),
('110123192', 'Phạm Quí Ngọc Trân', 'sinhvien', '', 1, 'DA23TTB', 123, 0, NULL),
('110123195', 'Nguyễn Đức Trọng', 'sinhvien', '', 1, 'DA23TTB', 100, 0, NULL),
('110123197', 'Kim Thanh Tùng', 'sinhvien', '', 1, 'DA23TTB', 101, 0, NULL),
('110123198', 'Nguyễn Trần Phương Uyên', 'sinhvien', '', 1, 'DA23TTB', 124, 0, NULL),
('110123199', 'Nguyễn Thị Triệu Vi', 'sinhvien', '', 1, 'DA23TTB', 126, 0, NULL),
('110123201', 'Phạm Quốc Vẹn', 'sinhvien', '', 1, 'DA23TTB', 125, 0, NULL),
('110123203', 'Tạ Hằng Vũ', 'sinhvien', '', 1, 'DA23TTB', 102, 0, NULL),
('110123204', 'Trần Lê Lan Vy', 'sinhvien', '', 1, 'DA23TTB', 103, 0, NULL),
('110123205', 'Phạm Thị Như Ý', 'sinhvien', '', 1, 'DA23TTB', 127, 0, NULL),
('110123256', 'Thạch Thiên', 'sinhvien', '', 1, 'DA23TTB', 91, 0, NULL),
('110123257', 'Thang Kim Hoàng Quí', 'sinhvien', '', 1, 'DA23TTB', 81, 0, NULL),
('110123258', 'Trần Minh Hiếu', 'sinhvien', '', 1, 'DA23TTB', 78, 0, NULL),
('110123259', 'Trương Duy Tân', 'sinhvien', '', 1, 'DA23TTB', 90, 0, NULL),
('110123260', 'Trương Hoàng Mãi', 'sinhvien', '', 1, 'DA23TTB', 79, 0, NULL),
('110123261', 'Trương Minh Dĩ', 'sinhvien', '', 1, 'DA23TTD', 105, 0, NULL),
('110123262', 'Trương Tấn Phát', 'sinhvien', '', 1, 'DA23TTB', 110, 0, NULL),
('110123263', 'Trương Truyền Phúc Minh', 'sinhvien', '', 1, 'DA23TTB', 108, 0, NULL),
('110123264', 'Nguyễn Hà Nhật Minh', 'sinhvien', '', 1, 'DA23TTB', 107, 0, NULL),
('110421004', 'Nguyễn Khắc Tiểu Bình', 'sinhvien', '0984644911', 1, 'DA21NNAB', 42, 0, NULL),
('110421005', 'Trương Bảo Châu', 'sinhvien', '0772106210', 1, 'DA21NNAB', 43, 0, NULL),
('110421015', 'Nguyễn Thị Thảo Duy', 'sinhvien', '0338186143', 1, 'DA21NNAB', 44, 0, NULL),
('110421017', 'Nguyễn Thị Mỹ Duyên', 'sinhvien', '0913464332', 1, 'DA21NNAB', 45, 0, NULL),
('110421018', 'Trần Thị Huỳnh Giao', 'sinhvien', '0378422893', 1, 'DA21NNAB', 47, 0, NULL),
('110421019', 'Châu Ngọc Hân', 'sinhvien', '0365989818', 1, 'DA21NNAB', 49, 0, NULL),
('110421021', 'Võ Thị Thúy Hằng', 'sinhvien', '0868462254', 1, 'DA21NNAC', 48, 0, NULL),
('110421029', 'Nguyễn Văn Kỳ', 'sinhvien', '0386917948', 1, 'DA21NNAB', 52, 0, NULL),
('110421033', 'Lê Trang Hà My', 'sinhvien', '0389891778', 1, 'DA21NNAB', 54, 0, NULL),
('110421052', 'Lý Thị Yến Nhi', 'sinhvien', '0963447157', 1, 'DA21NNAB', 58, 0, NULL),
('110421066', 'Hồ Thị Như Quỳnh', 'sinhvien', '0982579074', 1, 'DA21NNAA', 60, 0, NULL),
('110421072', 'Lê Thị Như Tâm', 'sinhvien', '0355433905', 1, 'DA21NNAB', 62, 0, NULL),
('110421078', 'Võ Ngọc Yến Thanh', 'sinhvien', '0354923402', 1, 'DA21NNAC', 63, 0, NULL),
('110421080', 'Tiêu Trường Thành', 'sinhvien', '0896614247', 1, 'DA21NNAA', 64, 0, NULL),
('110421081', 'Trương Hoàn Thiện', 'sinhvien', '0946853774', 1, 'DA21NNAC', 66, 0, NULL),
('110421092', 'Trương Huỳnh Mộng Thy', 'sinhvien', '0918528085', 1, 'DA21NNAD', 67, 0, NULL),
('110421102', 'Lê Tiến Triển', 'sinhvien', '0869338323', 1, 'DA21NNAC', 68, 0, NULL),
('110421106', 'Trần Lê Anh Tuấn', 'sinhvien', '0938655385', 1, 'DA21NNAA', 70, 0, NULL),
('110421152', 'Trần Minh Đức', 'sinhvien', '0329394559', 1, 'DA21NNAD', 46, 1, NULL),
('110421153', 'Nguyễn Vân Khánh', 'sinhvien', '0869172022', 1, 'DA21NNAB', 50, 0, NULL),
('110421159', 'Kiên Thanh Thảo', 'sinhvien', '0367959923', 1, 'DA21NNAD', 65, 0, NULL),
('110421162', 'Võ Đức Tài', 'sinhvien', '0333927556', 1, 'DA21NNAD', 61, 0, NULL),
('110421171', 'Lâm Thị Linh', 'sinhvien', '0372652491', 1, 'DA21NNAE', 53, 0, NULL),
('110421172', 'Kim Thị Yến Nhi', 'sinhvien', '0866924870', 1, 'DA21NNAD', 57, 0, NULL),
('110421175', 'Trần Thị Kim Phụng', 'sinhvien', '0827640139', 1, 'DA21NNAD', 59, 0, NULL),
('110421194', 'Dương Hoàng Mai Anh', 'sinhvien', '0707824879', 1, 'DA21NNAE', 40, 0, NULL),
('110421198', 'Trịnh Hà Bảo Ngọc', 'sinhvien', '0907547508', 1, 'DA21NNAE', 56, 0, NULL),
('110421204', 'Lương Thị Thu Bình', 'sinhvien', '0354052637', 1, 'DA21NNAD', 41, 0, NULL),
('110421209', 'Huỳnh Hoàng Tuấn', 'sinhvien', '0393220591', 1, 'DA21NNAD', 69, 0, NULL),
('110421229', 'Thạch Thị Minh Tuyết', 'sinhvien', '0528487069', 1, 'DA21NNAE', 71, 0, NULL),
('110421244', 'Lưu Thị Hồng Ngọc', 'sinhvien', '0962698269', 1, 'DA21NNAE', 55, 0, NULL),
('110421260', 'Phan Tuấn Kiệt', 'sinhvien', '0916785460', 1, 'DA21NNAE', 51, 0, NULL),
('112344', 'Nguyễn Khánh Băng', 'sinhvien', '09345678', 1, 'DA21TTC', 2, 0, NULL),
('119876', 'Nguyễn Thị Lan', 'sinhvien', '0980021987', 1, 'DA21MNC', 72, 0, NULL),
('12702', 'Nguyễn Thừa Phát Tài', 'giangvien', '0988345131', 1, 'Khoa Công nghệ Thông tin (Trường Kỹ thuật và Công nghệ)', 281, 0, NULL),
('12705', 'Nguyễn Trần Diễm Hạnh', 'giangvien', '0842250996', 1, 'Khoa Công nghệ Thông tin (Trường Kỹ thuật và Công nghệ)', 274, 0, NULL),
('14204', 'Nguyễn Bá Nhiệm', 'giangvien', '0983303609', 1, 'Khoa Công nghệ Thông tin (Trường Kỹ thuật và Công nghệ)', 273, 0, NULL);

-- --------------------------------------------------------

--
-- Cấu trúc bảng cho bảng `email_logs`
--

CREATE TABLE `email_logs` (
  `id` int(11) NOT NULL,
  `email_type` varchar(50) DEFAULT NULL,
  `sent_date` date DEFAULT NULL,
  `status` varchar(20) DEFAULT 'pending',
  `user_id` varchar(20) DEFAULT NULL,
  `created_at` datetime DEFAULT current_timestamp()
) ENGINE=MyISAM DEFAULT CHARSET=latin1 COLLATE=latin1_swedish_ci;

--
-- Đang đổ dữ liệu cho bảng `email_logs`
--

INSERT INTO `email_logs` (`id`, `email_type`, `sent_date`, `status`, `user_id`, `created_at`) VALUES
(1, 'reminder', '2025-07-07', 'success', NULL, '2025-07-07 00:22:58'),
(2, 'reminder', '2025-07-07', 'success', NULL, '2025-07-07 02:23:50'),
(3, 'reminder', '2025-07-07', 'success', NULL, '2025-07-07 02:24:03');

-- --------------------------------------------------------

--
-- Cấu trúc bảng cho bảng `nhaxuatban`
--

CREATE TABLE `nhaxuatban` (
  `manxb` int(11) NOT NULL,
  `tennxb` varchar(255) DEFAULT NULL,
  `diachi` varchar(255) DEFAULT NULL,
  `status_nhaxuatban` tinyint(1) NOT NULL DEFAULT 1
) ENGINE=InnoDB DEFAULT CHARSET=utf8mb3 COLLATE=utf8mb3_general_ci;

--
-- Đang đổ dữ liệu cho bảng `nhaxuatban`
--

INSERT INTO `nhaxuatban` (`manxb`, `tennxb`, `diachi`, `status_nhaxuatban`) VALUES
(1, 'Nhà Xuất Bản Văn Hóa Dân Tộc', 'Đ. Nguyễn Thị Minh Khai, Bến Nghé, Quận 1, Hồ Chí Minh', 1),
(2, 'Nhà xuất bản Tôn Giáo', '53 tràng thi, Phường Hàng Bông, Quận Hoàn Kiếm, Hà Nội', 1),
(3, 'Nhà xuất bản Trẻ', '161B Lý Chính Thắng, Phường Võ Thị Sáu, Quận 3, Hồ Chí Minh', 1),
(4, 'Nhà xuất bản Giáo Dục', '81 Trần Hưng Đạo, Hoàn Kiếm, Hà Nội', 1),
(5, 'Nhà xuất bản Thế Giới', '	 46 Trần Hưng Đạo, Hàng Bài, Hoàn Kiếm, Hà Nội', 1),
(6, 'Không rõ', 'Không rõ', 1),
(7, 'Nhà xuất bản Khoa học xã hội', '26 Lý Thường Kiệt, Phường Hàng Bài, Quận Hoàn Kiếm, Hà Nội', 1),
(8, 'Nhà xuất bản Văn hoá-Thông tin', 'Số 43 Lò Đúc, Quận Hai Bà Trưng, TP. Hà Nội', 1);

-- --------------------------------------------------------

--
-- Cấu trúc bảng cho bảng `phanloai`
--

CREATE TABLE `phanloai` (
  `maloai` int(11) NOT NULL,
  `loaisach` varchar(255) DEFAULT NULL,
  `status_phanloai` tinyint(1) NOT NULL DEFAULT 1
) ENGINE=InnoDB DEFAULT CHARSET=utf8mb3 COLLATE=utf8mb3_general_ci;

--
-- Đang đổ dữ liệu cho bảng `phanloai`
--

INSERT INTO `phanloai` (`maloai`, `loaisach`, `status_phanloai`) VALUES
(1, 'Sách cuốn', 1),
(3, 'Luận văn', 1),
(4, 'Từ điển', 1);

-- --------------------------------------------------------

--
-- Cấu trúc bảng cho bảng `phieumuon`
--

CREATE TABLE `phieumuon` (
  `maPM` int(11) NOT NULL,
  `madg` varchar(20) DEFAULT NULL,
  `trangthaitra` tinyint(4) DEFAULT 0
) ENGINE=InnoDB DEFAULT CHARSET=utf8mb3 COLLATE=utf8mb3_general_ci;

--
-- Đang đổ dữ liệu cho bảng `phieumuon`
--

INSERT INTO `phieumuon` (`maPM`, `madg`, `trangthaitra`) VALUES
(7, '112344', 1),
(8, '112344', 1),
(9, '110121223', 1),
(14, '110121222', 1),
(15, '110121222', 1),
(16, '119876', 1),
(19, '110121223', 1),
(20, '110121249', 1),
(21, '08042014', 1);

-- --------------------------------------------------------

--
-- Cấu trúc bảng cho bảng `sach`
--

CREATE TABLE `sach` (
  `masach` int(11) NOT NULL,
  `tensach` varchar(255) DEFAULT NULL,
  `maloai` int(11) DEFAULT NULL,
  `manxb` int(11) DEFAULT NULL,
  `macd` varchar(10) DEFAULT NULL,
  `mavt` int(11) DEFAULT NULL,
  `tacgia` varchar(255) DEFAULT NULL,
  `ngonngu` varchar(255) DEFAULT NULL,
  `namxuatban` int(11) DEFAULT NULL,
  `soban` int(11) DEFAULT NULL,
  `status_sach` tinyint(1) NOT NULL DEFAULT 1
) ENGINE=InnoDB DEFAULT CHARSET=utf8mb3 COLLATE=utf8mb3_general_ci;

--
-- Đang đổ dữ liệu cho bảng `sach`
--

INSERT INTO `sach` (`masach`, `tensach`, `maloai`, `manxb`, `macd`, `mavt`, `tacgia`, `ngonngu`, `namxuatban`, `soban`, `status_sach`) VALUES
(21, 'Ấn Độ giáo nhập môn', 1, 5, '294', 1, 'Knott Kim; Đặng Thanh Hằng', 'Tiếng Việt', 2011, 5, 1),
(23, 'Ba trụ thiền', 1, 5, '294', 2, 'Kapleau Philip; Đỗ Đình Đồng; Trần Kiều Vân', 'Tiếng Việt', 2014, 5, 1),
(26, 'Bước đầu học Phật', 1, 5, '294', 2, 'Không rõ', 'Tiếng Việt', 2014, 3, 1),
(67, 'Bác Hồ và Bác Tôn', 1, 6, '959', 2, 'Trần Đương', 'Tiếng Việt', 2015, 4, 1),
(81, 'Chín đời chúa mười ba đời vua Nguyễn', 1, 6, '959', 3, 'Nguyễn Đắc Xuân', 'Tiếng Việt', 2015, 3, 1),
(102, 'Đất và người Nam bộ', 1, 6, '959', 4, 'Ca Văn Thỉnh; Ngạc Xuyên', 'Tiếng Việt', 2016, 3, 1),
(1180, 'Ảnh hưởng của sức mạnh trên biển đối với lịch sử, 1660-1783', 1, 6, '909', 1, 'Mahan A.T.', 'Tiếng Việt', 2014, 2, 1),
(1181, 'Ba người khổng lồ trong kinh tế học', 1, 6, '330 ', 2, 'Skousen Mark', 'Tiếng Việt', 2003, 2, 1),
(1182, 'Bảo Đại vị vua cuối cùng trong lịch sử phong kiến Việt Nam', 1, 6, '959', 2, 'Phan Tứ Lang', 'Tiếng Việt', 2016, 2, 1),
(1183, 'Biến đổi kinh tế, kinh tế ở Myanmar từ 2011 đến nay : Bối cảnh, nội dung & tác động', 1, 6, '324 ', 2, 'Võ Xuân Vinh', 'Tiếng Việt', 2015, 1, 1),
(1184, 'Buôn làng trong đô thị Tây nguyên', 1, 6, '307 ', 2, 'Nguyễn Hồng Hà', 'Tiếng Việt', 2015, 4, 1),
(1185, 'Các nước và một số lãnh thổ trên thế giới', 1, 6, '910', 3, 'Không rõ', 'Tiếng Việt', 2005, 1, 1),
(1186, 'Chat với Hannah Arendt', 1, 6, '199', 3, 'Bùi Văn Nam Sơn', 'Tiếng Việt', 2016, 3, 1),
(1187, 'Chế độ công điền công thổ trong lịch sử khẩn hoang lập ấp ở Nam Kỳ Lục tỉnh', 1, 6, '959', 3, 'Nguyễn Đình Đầu', 'Tiếng Việt', 2016, 1, 1),
(1188, 'Chế độ thực dân Pháp trên đất Nam Kỳ 1859 - 1954', 1, 6, '959', 3, 'Nguyễn Đình Tư', 'Tiếng Việt', 2016, 3, 1),
(1189, 'Chính sách ngôn ngữ & lập pháp ngôn ngữ ở Việt Nam', 1, 6, '495', 3, 'Nguyễn Văn Khang', 'Tiếng Việt', 2014, 2, 1),
(1190, 'Chuyện phiếm sử học', 1, 6, '959', 3, 'Tạ Chí Đại Trường', 'Tiếng Việt', 2016, 4, 1),
(1191, 'Công tử Bạc Liêu', 1, 6, '895', 3, 'Nguyên Hùng', 'Tiếng Việt', 2016, 2, 1),
(1192, 'Cuộc kháng chiến chống Mỹ cứu nước những vấn đề khoa học và thực tiễn', 1, 6, '959', 3, 'Không rõ', 'Tiếng Việt', 2005, 1, 1),
(1193, 'Đại cương nhân học văn hóa Việt Nam', 1, 6, '306 ', 4, 'Hoàng Nam', 'Tiếng Việt', 2015, 1, 1),
(1194, 'Đại Nam thực lục', 1, 6, '959', 4, 'Không rõ', 'Tiếng Việt', 2012, 2, 1),
(1195, 'Đại tự điển chữ Nôm', 1, 6, '495', 4, 'Vũ Văn Kính', 'Tiếng Việt', 2015, 3, 0),
(1196, 'Dẫn luận về Ấn Độ giáo', 1, 6, '297', 4, 'Knott Kim', 'Tiếng Việt', 2016, 2, 1),
(1197, 'Dẫn luận về Do Thái Giáo', 1, 6, '296', 4, 'Solomon Norman', 'Tiếng Việt', 2016, 4, 1),
(1198, 'Dẫn luận về Hồi giáo', 1, 6, '297', 4, 'Ruthven Malise', 'Tiếng Việt', 2016, 7, 1),
(1199, 'Dẫn luận về Kitô giáo', 1, 6, '230', 4, 'Woodhead Linda', 'Tiếng Việt', 2016, 8, 1),
(1200, 'Dẫn luận về Nho giáo', 1, 6, '297', 4, 'Gardner Daniel K.', 'Tiếng Việt', 2016, 7, 1),
(1201, 'Dẫn luận về Tâm lý học', 1, 6, '150', 4, 'Butler Gillian', 'Tiếng Việt', 2016, 2, 1),
(1202, 'Đào Duy Anh với sự nghiệp nghiên cứu văn hóa Việt Nam', 1, 6, '959', 4, 'Lê Xuân Kiêu', 'Tiếng Việt', 2015, 3, 1),
(1203, 'Địa lí kinh tế xã hội Việt Nam', 1, 6, '959', 4, 'Không rõ', 'Tiếng Việt', 2013, 1, 1),
(1204, 'Dịch kinh tường giải', 1, 6, '133', 4, 'Không rõ', 'Tiếng Việt', 2014, 6, 1),
(1205, 'Diện mạo văn học Việt Nam Pháp ngữ', 1, 6, '895', 4, 'Nguyễn Công Lý', 'Tiếng Việt', 2015, 1, 1),
(1206, 'Diễn xướng dân ca Việt Nam', 1, 6, '782 ', 4, 'Lê Văn Chưởng', 'Tiếng Việt', 2016, 4, 1),
(1207, 'Điêu khắc thần Vishnu và Shiva trong văn hóa Đông Nam Á', 1, 6, '731', 4, 'Phan Anh Tú', 'Tiếng Việt', 2016, 3, 1),
(1208, 'Đỉnh cao đế quốc, Đà Lạt và sự hưng vong của Đông Dương thuộc Pháp', 1, 6, '959', 4, 'Jennings Eric T.', 'Tiếng Việt', 2014, 2, 1),
(1209, 'Đông Dương hấp hối', 1, 6, '959', 4, 'Navarre Heri', 'Tiếng Việt', 2015, 4, 1),
(1210, 'Dư luận xã hội', 1, 6, '303', 4, 'Không rõ', 'Tiếng Việt', 2015, 4, 1),
(1211, 'Dư luận xã hội lý luận và thực tiễn', 1, 6, '302 ', 4, 'Không rõ', 'Tiếng Việt', 2015, 1, 1),
(1212, 'Dược học cổ truyền', 1, 6, '615', 4, 'Trần Văn Kỳ', 'Tiếng Việt', 2015, 2, 1),
(1213, 'Đường sống', 1, 6, '891 ', 4, 'Tolstoi Lev', 'Tiếng Việt', 2015, 2, 1),
(1214, 'Gia Định Tổng trấn Tả quân Lê Văn Duyệt', 1, 6, '959', 7, 'Ngô Tất Tố', 'Tiếng Việt', 2016, 5, 1),
(1215, 'Giải quyết an sinh xã hội của Thái Lan, Malaixia, Philippin và bài học kinh nghiệm cho Việt Nam', 1, 6, '362', 7, 'Nguyễn Duy Dũng', 'Tiếng Việt', 2015, 2, 1),
(1216, 'Giai thoại và Sấm ký Trạng Trình', 1, 6, '959', 7, 'Phạm Đan Quế', 'Tiếng Việt', 2016, 2, 1),
(1217, 'Giáo trình cơ sở lý luận báo chí truyền thông', 1, 6, '070', 7, 'Dương Xuân Sơn', 'Tiếng Việt', 2015, 3, 1),
(1218, 'Giáo trình lý luận báo chí truyền thông', 1, 6, '070', 7, 'Dương Xuân Sơn', 'Tiếng Việt', 2015, 4, 1),
(1219, 'Giáo trình triết học', 1, 6, '335 ', 7, 'Không rõ', 'Tiếng Việt', 2015, 2, 1),
(1220, 'Giáo trình văn hóa phương Đông', 1, 6, '306 ', 7, 'Trần Lê Bảo', 'Tiếng Việt', 2012, 3, 1),
(1221, 'Gốm hoa nâu Việt Nam', 1, 6, '738 ', 7, 'Phạm Quốc Quân', 'Tiếng Việt', 2015, 1, 1),
(1222, 'Hải ngoại kỷ sự', 1, 6, '959', 8, 'Không rõ', 'Tiếng Việt', 2015, 3, 1),
(1223, 'Hải Thượng y tông tâm lĩnh - bốn tập, tập 1, tập 2', 1, 6, '615', 8, 'Lê Hữu Trác', 'Tiếng Việt', 2014, 1, 1),
(1224, 'Hải Thượng y tông tâm lĩnh - bốn tập, tập 3, tập 4', 1, 6, '615', 8, 'Lê Hữu Trác', 'Tiếng Việt', 2014, 1, 1),
(1225, 'Hải Thượng y tông tâm lĩnh - Quyển 2, tập 3, tập 4', 1, 6, '615', 8, 'Lê Hữu Trác', 'Tiếng Việt', 2016, 1, 1),
(1226, 'Hải Thượng y tông tâm lĩnh - Quyển I, tập 1, tập 2', 1, 6, '615', 8, 'Lê Hữu Trác', 'Tiếng Việt', 2016, 1, 1),
(1227, 'Hán sở tranh hùng', 1, 6, '895', 8, 'Không rõ', 'Tiếng Việt', 2012, 1, 1),
(1228, 'Hát hội, đờn ca tài tử và cải lương', 1, 6, '792', 8, 'Nguyễn Lê Tuyên', 'Tiếng Việt', 2013, 1, 1),
(1229, 'Hệ giá trị gia đình Việt Nam từ hướng tiếp cận xã hội học', 1, 6, '306 ', 8, 'Không rõ', 'Tiếng Việt', 2016, 2, 1),
(1230, 'Hệ giá trị Việt Nam từ truyền thống đến hiện đại và con đường tương lai', 1, 6, '337 ', 8, 'Trần Ngọc Thêm', 'Tiếng Việt', 2016, 3, 1),
(1231, 'Hồ sơ văn hóa Mỹ', 1, 6, '306 ', 8, 'Hữu Ngọc', 'Tiếng Việt', 2016, 3, 1),
(1232, 'Hồng Lâu Mộng - tập 1', 1, 6, '895', 8, 'Không rõ', 'Tiếng Việt', 2016, 2, 1),
(1233, 'Hướng dẫn  soạn thảo văn bản và tuyển tập các mẫu diễn văn, bài phát biểu khai mạc, bế mạc hội nghị dùng trong trường học', 1, 6, '353', 8, 'Không rõ', 'Tiếng Việt', 2015, 1, 1),
(1234, 'Jean-Jacques Rousseau', 1, 6, '194', 11, 'Will', 'Tiếng Việt', 2015, 3, 1),
(1235, 'Kinh dịch', 1, 6, '180', 12, 'Ngô Tất Tố', 'Tiếng Việt', 2016, 1, 1),
(1236, 'La Sơn Phu Tử', 1, 6, '959', 13, 'Hoàng Xuân Hãn', 'Tiếng Việt', 2016, 2, 1),
(1237, 'Làng khoa bảng và danh nhân làng khoa bảng Việt Nam', 1, 6, '959', 13, 'Sông Lam', 'Tiếng Việt', 2016, 1, 1),
(1238, 'Lê mạt sự ký', 1, 6, '909', 13, 'Nguyễn Duy Chính', 'Tiếng Việt', 2016, 3, 1),
(1239, 'Lễ Thành hầu Nguyễn Hữu Cảnh (1650 - 1700)', 1, 6, '959', 13, 'Nguyễn Ngọc Hiền', 'Tiếng Việt', 2015, 4, 1),
(1240, 'Lễ tục vòng đời một số nhóm người khu vực Nam Việt Nam', 1, 6, '392', 13, 'Đăng Trương', 'Tiếng Việt', 2013, 1, 1),
(1241, 'Lịch sử hình thành và phát triển vùng đất Nam Bộ', 1, 6, '959', 13, 'Không rõ', 'Tiếng Việt', 2016, 3, 1),
(1242, 'Lịch sử mĩ thuật thế giới', 1, 6, '709 ', 13, 'Phạm Thị Chỉnh', 'Tiếng Việt', 2015, 3, 1),
(1243, 'Lịch sử thủy lợi Việt Nam', 1, 6, '627', 13, 'Phan Khánh', 'Tiếng Việt', 2014, 1, 1),
(1244, 'Lịch sử tiền giấy Việt Nam: những câu chuyện chưa kể', 1, 6, '332 ', 13, 'Thng Tien Tat', 'Tiếng Việt', 2016, 3, 1),
(1245, 'Lịch sử và lý thuyết nhân học', 1, 6, '301', 13, 'Barnard Alan', 'Tiếng Việt', 2016, 1, 1),
(1246, 'Lịch sử và lý thuyết xã hội học', 1, 6, '301', 13, 'Lê Ngọc Hùng', 'Tiếng Việt', 2015, 3, 1),
(1247, 'Lịch sử vương quốc đàng ngoài', 1, 6, '959', 13, 'Rhodes Alexandre De', 'Tiếng Việt', 2016, 8, 1),
(1248, 'Liên minh sai lầm : Ngô Đình Diệm, Mỹ và số phận Nam Việt Nam', 1, 6, '327 ', 13, 'Miller Edward', 'Tiếng Việt', 2016, 2, 1),
(1249, 'Lục Vân Tiên cổ tích truyện - tập 1', 1, 6, '895', 13, 'Bourdeaux Pascal', 'Tiếng Việt', 2016, 4, 1),
(1250, 'Lục Vân Tiên cổ tích truyện - tập 2', 1, 6, '895', 13, 'Bourdeaux Pascal', 'Tiếng Việt', 2016, 3, 1),
(1251, 'Lý thuyết và ứng dụng lý thuyết trong nghiên cứu văn học', 1, 6, '809 ', 13, 'Owen Stephen', 'Tiếng Việt', 2016, 2, 1),
(1252, 'Mấy suy nghĩ về văn hóa - Từ truyền thống đến đương đại', 1, 6, '306 ', 14, 'Nguyễn Thị Chiến', 'Tiếng Việt', 2013, 1, 1),
(1253, 'Minh triết đông phương', 1, 6, '181', 14, 'Jordan Michael', 'Tiếng Việt', 2004, 4, 1),
(1254, 'Minh triết trong ăn uống của phương Đông', 1, 6, '613', 14, 'Ngô Đức Vượng', 'Tiếng Việt', 2016, 4, 1),
(1255, 'Mối quan hệ văn hóa Đông Sơn với các văn hóa thời đại Kim khí ở Nam Trung Quốc', 1, 6, '959', 14, 'Trình Năng Chung', 'Tiếng Việt', 2015, 3, 1),
(1256, 'Môi trường văn hóa đô thị hiện đại', 1, 6, '307 ', 14, 'Mạc Đường', 'Tiếng Việt', 2016, 4, 1),
(1257, 'Một góc nhìn lịch sử, văn hóa và con người Việt Nam', 1, 6, '959', 14, 'Nguyễn Thừa Hỷ', 'Tiếng Việt', 2015, 2, 1),
(1258, 'Một số vấn đề lý luận và thực tiễn qua 30 năm đổi mới', 1, 6, '324 ', 14, 'Nhị Lê', 'Tiếng Việt', 2015, 1, 1),
(1259, 'Một số vấn đề nông dân và ruộng đất ở đồng bằng sông Cửu Long sau năm 1975', 1, 6, '338 ', 14, 'Khuynh Diệp', 'Tiếng Việt', 2016, 1, 1),
(1260, 'Một số vấn đề triết học xã hội ở Việt Nam hiện nay', 1, 6, '303', 14, 'Phạm Văn Đức', 'Tiếng Việt', 2016, 2, 1),
(1261, 'Một số yếu tố tâm lý của người nông dân ảnh hưởng đến quá trình xây dựng nông thôn mới', 1, 6, '307 ', 14, 'Lê Thị Thanh Hương', 'Tiếng Việt', 2015, 3, 1),
(1262, 'Nền tảng văn minh phương Tây', 1, 6, '909', 15, 'Kishlansky Mark', 'Tiếng Việt', 2016, 1, 1),
(1263, 'Nghi lễ thờ cúng cổ truyền của người Việt Nam', 1, 6, '204', 15, 'Không rõ', 'Tiếng Việt', 2016, 3, 1),
(1264, 'Nghiên cứu khoa học xã hội : nguyên lý, phương pháp và thực hành', 1, 6, '300', 15, 'Bhattacherjee Anol', 'Tiếng Việt', 2015, 2, 1),
(1265, 'Nghiên cứu lý luận phê bình văn học nghệ thuật văn hóa tư tưởng khoa học xã hội và nhân văn T6', 1, 6, '895', 15, 'Không rõ', 'Tiếng Việt', 2016, 3, 1),
(1266, 'Nghiên cứu lý luận phê bình văn học nghệ thuật văn hóa tư tưởng khoa học xã hội và nhân văn T5', 1, 6, '895', 15, 'Không rõ', 'Tiếng Việt', 2016, 3, 1),
(1267, 'Nghiên cứu lý luận phê bình văn học nghệ thuật văn hóa tư tưởng khoa học xã hội và nhân văn T4', 1, 6, '895', 15, 'Không rõ', 'Tiếng Việt', 2015, 3, 1),
(1268, 'Nghiên cứu lý luận phê bình văn học nghệ thuật văn hóa tư tưởng khoa học xã hội và nhân văn T1', 1, 6, '895', 15, 'Không rõ', 'Tiếng Việt', 2015, 3, 1),
(1269, 'Nghiên cứu lý luận phê bình văn học nghệ thuật văn hóa tư tưởng khoa học xã hội và nhân văn T3', 1, 6, '895', 15, 'Không rõ', 'Tiếng Việt', 2015, 3, 1),
(1270, 'Nghiên cứu lý luận phê bình văn học nghệ thuật văn hóa tư tưởng khoa học xã hội và nhân văn T2', 1, 6, '895', 15, 'Không rõ', 'Tiếng Việt', 2015, 3, 1),
(1271, 'Nguyễn Triệu Luật - tác phẩm đăng báo', 1, 6, '070', 15, 'Không rõ', 'Tiếng Việt', 2015, 3, 1),
(1272, 'Những cuộc chinh phạt Alexander đại đế', 1, 6, '938', 15, 'Arrian', 'Tiếng Việt', 2015, 1, 1),
(1273, 'Những mẩu chuyện đi sứ và tiếp sứ', 1, 6, '327 ', 15, 'Vũ Dương Huân', 'Tiếng Việt', 2015, 2, 1),
(1274, 'Những nền mỹ thuật ngoài phương Tây', 1, 6, '700', 15, 'O\'Riley Michal Kampen', 'Tiếng Việt', 2015, 4, 1),
(1275, 'Những vấn đề khoa học xã hội và nhân văn', 1, 6, '306 ', 15, 'Không rõ', 'Tiếng Việt', 2016, 4, 1),
(1276, 'Những vấn đề văn hóa xã hội người chăm ngày nay', 1, 6, '306 ', 15, 'Không rõ', 'Tiếng Việt', 2014, 4, 1),
(1277, 'Những vấn đề văn học và ngôn ngữ Nam Bộ - tập 1', 1, 6, '895', 15, 'Không rõ', 'Tiếng Việt', 2016, 4, 1),
(1278, 'Những vấn đề văn học và ngôn ngữ Nam Bộ - tập 2', 1, 6, '895', 15, 'Không rõ', 'Tiếng Việt', 2016, 4, 1),
(1279, 'Những vấn đề xã hội học trong quá trình đổi mới', 1, 6, '303', 15, 'Không rõ', 'Tiếng Việt', 2016, 3, 1),
(1280, 'Niên giám thống kê Việt Nam 2015', 1, 6, '315', 15, 'Không rõ', 'Tiếng Việt', 2016, 2, 1),
(1281, 'Phân hóa vùng và phân vùng văn hóa ở Việt Nam', 1, 6, '306 ', 17, 'Ngô Đức Thịnh', 'Tiếng Việt', 2015, 2, 1),
(1282, 'Pháp tái chiếm Đông Dương', 1, 6, '959', 17, 'Lưu Văn Lợi', 'Tiếng Việt', 2015, 2, 1),
(1283, 'Phát triển bền vững lãnh thổ Tây Nguyên', 1, 6, '338 ', 17, 'Không rõ', 'Tiếng Việt', 2016, 4, 1),
(1284, 'Phê phán năng lực phan đoán', 1, 6, '943', 17, 'Kant Immanuel', 'Tiếng Việt', 2015, 3, 1),
(1285, 'Phương pháp dạy học tiếng Việt', 1, 6, '495', 17, 'Lê A', 'Tiếng Việt', 2014, 3, 1),
(1286, 'Quá trình hình thành đường lối đổi mới ở Việt Nam', 1, 6, '324 ', 18, 'Vũ Như Khôi', 'Tiếng Việt', 2016, 3, 1),
(1287, 'Quan hệ tộc người ở Tây Nguyên trong thời kỳ đổi mới', 1, 6, '305 ', 18, 'Trương Minh Dục', 'Tiếng Việt', 2016, 2, 1),
(1288, 'Ramayana sử thi văn chương Ấn Độ', 1, 6, '891 ', 19, 'Lê Thị Bích Thủy', 'Tiếng Việt', 2016, 4, 1),
(1289, 'Sĩ tử Việt Nam đời xưa', 1, 6, '370 ', 20, 'Phan Hà', 'Tiếng Việt', 2013, 4, 1),
(1290, 'Sự can dự của các nước Đông bắc Á vào tiểu vùng sông Mê Kông', 1, 6, '327 ', 20, 'Không rõ', 'Tiếng Việt', 2015, 2, 1),
(1291, 'Sự phát triển của công nghiệp văn hóa ở Nhật Bản và Hàn Quốc', 1, 6, '338 ', 20, 'Không rõ', 'Tiếng Việt', 2015, 1, 1),
(1292, 'Sức mạnh mềm văn hóa Trung Quốc tác động tới Việt Nam và một số nước Đông Á', 1, 6, '306 ', 20, 'Không rõ', 'Tiếng Việt', 2016, 7, 1),
(1293, 'Tác phẩm đăng báo 1933-1934', 1, 6, '895', 21, 'Phan Khôi', 'Tiếng Việt', 2014, 3, 1),
(1294, 'Tác phẩm đăng báo 1935', 1, 6, '895', 21, 'Phan Khôi', 'Tiếng Việt', 2014, 3, 1),
(1295, 'Tâm lý học xuyên văn hóa', 1, 6, '155', 21, 'Larsen Knud S', 'Tiếng Việt', 2015, 3, 1),
(1296, 'Tạp ghi Việt sử địa', 1, 6, '959', 21, 'Nguyễn Đình Đầu', 'Tiếng Việt', 2016, 4, 1),
(1297, 'Tây du ký - tập 1 : 3 tập', 1, 6, '895', 21, 'Ngô Thừa Ân', 'Tiếng Việt', 2014, 2, 1),
(1298, 'Theo dòng văn minh nhân loại', 1, 6, '909', 21, 'Triệu Hâm San', 'Tiếng Việt', 2005, 4, 1),
(1299, 'Thủy Hử - tập 1', 1, 6, '895', 21, 'Thi Nại Am', 'Tiếng Việt', 2016, 3, 1),
(1300, 'Thủy Hử - tập 2', 1, 6, '895', 21, 'Thi Nại Am', 'Tiếng Việt', 2016, 1, 1),
(1301, 'Tiếng Việt hành chính', 1, 6, '351', 21, 'Vũ Thị Sao Chi', 'Tiếng Việt', 2016, 3, 1),
(1302, 'Tiếng Việt và sự phát triển văn hóa Việt Nam', 1, 6, '306 ', 21, 'Hồ Ngọc Mai', 'Tiếng Việt', 2016, 3, 1),
(1303, 'Tìm hiểu các giá trị dân tộc Việt Nam với tâm lý học và giáo dục học', 1, 6, '301', 21, 'Phạm Minh Hạc', 'Tiếng Việt', 2015, 3, 1),
(1304, 'Tìm hiểu lịch sử, văn hóa Campuchia', 1, 6, '915', 21, 'Không rõ', 'Tiếng Việt', 2014, 3, 1),
(1305, 'Tìm hiểu lịch sử, văn hóa Malaysia', 1, 6, '915', 21, 'Không rõ', 'Tiếng Việt', 2014, 3, 1),
(1306, 'Tìm hiểu lịch sử, văn hóa Phiiippines', 1, 6, '915', 21, 'Không rõ', 'Tiếng Việt', 2014, 3, 1),
(1307, 'Tìm hiểu lịch sử, văn hóa Việt Nam', 1, 6, '915', 21, 'Không rõ', 'Tiếng Việt', 2014, 3, 1),
(1308, 'Tìm hiểu một số phong tục, tập quán, tín ngưỡng, tôn giáo các dân tộc vùng Tây Nguyên', 1, 6, '305 ', 21, 'Đặng Văn Hường', 'Tiếng Việt', 2013, 4, 1),
(1309, 'Tín ngưỡng của các dân tộc Việt Nam', 1, 6, '1000', 21, 'Ngô Đức Thịnh', 'Tiếng Việt', 2016, 3, 1),
(1310, 'Tín ngưỡng thờ cúng Hùng Vương ở Việt Nam', 1, 6, '204', 21, 'Không rõ', 'Tiếng Việt', 2015, 1, 1),
(1311, 'Tín ngưỡng thờ Nữ thần của người Việt ở xứ Quảng (Quảng Nam - Đà Nẵng)', 1, 6, '398 ', 21, 'Nguyễn Xuân Hương', 'Tiếng Việt', 2011, 3, 1),
(1312, 'Tinh hoa triết học Vedànta', 1, 6, '181', 21, 'Vivekananda Swami', 'Tiếng Việt', 2016, 2, 1),
(1313, 'Trách nhiệm xã hội của Nho giáo trong lịch sử Việt Nam và Hàn Quốc', 1, 6, '181', 21, 'Phạm Văn Đức', 'Tiếng Việt', 2015, 4, 1),
(1314, 'Trên những chặng đường đất nước - Đông Nam Bộ', 1, 6, '895', 21, 'Không rõ', 'Tiếng Việt', 2013, 4, 1),
(1315, 'Trên những chặng đường đất nước - Nam Trung Bộ và Tây Nguyên', 1, 6, '895', 21, 'Không rõ', 'Tiếng Việt', 2013, 5, 1),
(1316, 'Trương Vĩnh Ký (1837 - 1898)', 1, 6, '895', 21, 'Khổng Xuân Thu', 'Tiếng Việt', 2016, 2, 1),
(1317, 'Ván bài lật ngửa - tập 1', 1, 6, '895', 23, 'Nguyễn Trương Thiên Lý', 'Tiếng Việt', 2015, 3, 1),
(1318, 'Ván bài lật ngửa - tập 2', 1, 6, '895', 23, 'Nguyễn Trương Thiên Lý', 'Tiếng Việt', 2015, 3, 1),
(1319, 'Vấn đề việc làm của thanh niên người dân tộc thiểu số trong thời kỳ công nghiệp hóa hiện đại hóa và hội nhập WTO', 1, 6, '331 ', 23, 'Trịnh Quang Cảnh', 'Tiếng Việt', 2015, 1, 1),
(1320, 'Văn hóa ẩm thực của người Xơ Đăng tỉnh Kon Tum', 1, 6, '394 ', 23, 'Nguyễn Thị Hòa', 'Tiếng Việt', 2016, 3, 1),
(1321, 'Văn hóa biển và bảo tồn, phát huy giá trị văn hóa biển vùng Duyên Hải Nam Trung Bộ thời kỳ đẩy mạnh công nghiệp hóa, hiện đại hóa', 1, 6, '306 ', 23, 'Hà Đình Thành', 'Tiếng Việt', 2016, 4, 1),
(1322, 'Văn hóa đạo đức', 1, 6, '170', 23, 'Huỳnh Phương', 'Tiếng Việt', 2016, 3, 1),
(1323, 'Văn hóa giáo dục', 1, 6, '306 ', 23, 'Quế Thị Mai Hương', 'Tiếng Việt', 2016, 3, 1),
(1324, 'Văn hóa giao tiếp', 1, 6, '302 ', 23, 'Hoàng Trọng Canh', 'Tiếng Việt', 2016, 2, 1),
(1325, 'Văn hóa hội nhập', 1, 6, '306 ', 23, 'Nguyễn Thị Huỳnh Phương', 'Tiếng Việt', 2016, 1, 1),
(1326, 'Văn hóa làng Việt Nam', 1, 6, '390 ', 23, 'Thu Hằng', 'Tiếng Việt', 2015, 3, 1),
(1327, 'Văn hóa làng Việt Nam', 1, 6, '398 ', 23, 'Nguyễn Kim Loan', 'Tiếng Việt', 2015, 3, 1),
(1328, 'Văn hóa làng Việt Nam', 1, 6, '398 ', 23, 'Nguyễn Văn Tân', 'Tiếng Việt', 2015, 3, 1),
(1329, 'Văn hóa làng Việt Nam', 1, 6, '398 ', 23, 'Vũ Kim Yến', 'Tiếng Việt', 2015, 3, 1),
(1330, 'Văn hóa làng Việt Nam', 1, 6, '390 ', 23, 'Bùi Xuân Mỹ', 'Tiếng Việt', 2015, 3, 1),
(1331, 'Văn hóa lễ hội', 1, 6, '394 ', 23, 'Thanh Thùy', 'Tiếng Việt', 2016, 3, 1),
(1332, 'Văn hóa một số vùng miền ở Việt Nam', 1, 6, '390 ', 23, 'Không rõ', 'Tiếng Việt', 2013, 1, 1),
(1333, 'Văn hóa người Hoa Nam bộ', 1, 6, '305 ', 23, 'Không rõ', 'Tiếng Việt', 2016, 4, 1),
(1334, 'Văn hóa và chủ nghĩa bá quyền', 1, 6, '809 ', 23, 'Said Edward Wadie', 'Tiếng Việt', 2016, 1, 1),
(1335, 'Văn hóa Việt Nam nhìn từ mỹ thuật', 1, 6, '700', 23, 'Chu Quang Trứ', 'Tiếng Việt', 2013, 3, 1),
(1336, 'Văn hóa Việt Nam truyền thống', 1, 6, '390 ', 23, 'Nguyễn Thừa Hỷ', 'Tiếng Việt', 2012, 4, 1),
(1337, 'Văn hóa, tín ngưỡng và thực hành tôn giáo người Việt', 1, 6, '390 ', 23, 'Cadiere Leopold', 'Tiếng Việt', 2015, 1, 1),
(1338, 'Văn học, nghệ thuật Việt Nam hiện nay', 1, 6, '709 ', 23, 'Đinh Xuân Dũng', 'Tiếng Việt', 2016, 5, 1),
(1339, 'Văn minh phương Tây', 1, 6, '909', 23, 'Burns Edwara Mc Nall', 'Tiếng Việt', 2008, 4, 1),
(1340, 'Việt Nam thi ca luận và văn chương xã hội', 1, 6, '895', 23, 'Lương Đức Thiệp', 'Tiếng Việt', 2016, 4, 1),
(1341, 'Xã hội Việt Nam thời Pháp thuộc', 1, 6, '959', 25, 'Lê Nguyễn', 'Tiếng Việt', 2016, 3, 1),
(1342, 'Xã hội Việt Nam từ thế kỷ XVII', 1, 6, '959', 25, 'Không rõ', 'Tiếng Việt', 2016, 3, 1),
(1343, 'Xóm Bàu láng', 1, 6, '895', 25, 'Sơn Nam', 'Tiếng Việt', 2015, 3, 1),
(1344, 'Xuân thu chiến quốc - tập 1', 1, 6, '895', 25, 'Không rõ', 'Tiếng Việt', 2015, 3, 1),
(1345, 'Xuân thu chiến quốc - tập 2', 1, 6, '895', 25, 'Không rõ', 'Tiếng Việt', 2015, 3, 1),
(1346, 'Văn Hoá Và Văn Học  Nam Bộ Trong Thời Kì Hội Nhập.', 3, 6, '1000', 29, 'Trường Đại Học Trà Vinh', 'Tiếng Việt', 0, 10, 1),
(1347, 'Vận Dụng Trò Chơi Học Tập Vào Dạy Học Trong Chương Trình Sách Giáo Khoa  Tiếng Khmer Quyển 1,2.', 3, 6, '1000', 29, 'Thạch Thị Diệu', 'Tiếng Việt', 0, 1, 1),
(1348, 'Dạy Học Phân Môn Đọc Hiểu Văn Bản Sách Giáo Khoa Tiếng Khmer Quyển 5 Theo Hướng Tích Hợp.', 3, 6, '1000', 29, 'Thạch Thị Chanh Đa', 'Tiếng Việt', 0, 1, 1),
(1349, 'Thiết Kế Và Sử Dụng Phiếu Học Tập Vào Dạy Học Phân Môn Tập Làm Văn Sách Giáo Khoa Tiếng Khmer Quyển 4.', 3, 6, '1000', 29, 'Thạch Thị Chanh Đa', 'Tiếng Việt', 0, 1, 1),
(1350, 'Khai Thác Các Giá Trị Phật Giáo Trong Dạy Học Văn Học Dân Gian Khmer.', 3, 6, '1000', 29, 'Kim Thị Gái', 'Tiếng Việt', 0, 1, 1),
(1351, 'Một Số Biện Pháp Nâng Cao Chất Lượng Công Tác Chủ Nhiệm Tại Trường Phổ Thông Dân Tộc Nội Trú Trung Học Phổ Thông.', 3, 6, '1000', 29, 'Đào Thị Kim Giang', 'Tiếng Việt', 0, 1, 1),
(1352, 'Vận Dụng Sơ Đồ Tư Duy Vào Dạy Học Phân Môn Tập Đọc Sách Giáo Khoa Tiếng Khmer Quyển 6.', 3, 6, '1000', 29, 'Thạch Giàu', 'Tiếng Việt', 0, 1, 1),
(1353, 'Phát Triển Vốn Từ Cho Học Sinh Khmer Bậc Trung Học Cơ Sở Qua Dạy Học Chương Trình Sách Giáo Khoa Tiếng Khmer Quyển 3,4.', 3, 6, '1000', 29, 'Trà Thị Bé Hồng', 'Tiếng Việt', 0, 1, 1),
(1354, 'Vận Dụng Phương Pháp Trực Quan Trong Dạy Học Phân Môn Học Vần Sách Giáo Khoa Tiếng Khmer Quyển 1.', 3, 6, '1000', 29, 'Thạch Thị Thu Hồng', 'Tiếng Việt', 0, 1, 1),
(1355, 'Giáo Dục Truyền Thống Văn Hoá Khmer Qua Các Văn Bản Đọc Hiểu Trong Sách Giáo Khoa Tiếng Khmer Quyển 6.', 3, 6, '1000', 29, 'Lý Ngọc Hưng', 'Tiếng Việt', 0, 1, 1),
(1356, 'Dạy Học Phân Môn Ngữ Pháp Sách Giáo Khoa Tiếng Khmer Quyển 5 Theo Hướng Tích Cực.', 3, 6, '1000', 29, 'Lâm Thị Ngọc Huyền', 'Tiếng Việt', 0, 1, 1),
(1357, 'Vận Dụng Sơ Đồ Tư Duy Vào Dạy Học Phân Môn Đọc Hiểu Văn  Bản Sách Giáo Khoa Tiếng Khmer Quyển 7.', 3, 6, '1000', 29, 'Thạch Măng Khích', 'Tiếng Việt', 0, 1, 1),
(1358, 'Vận Dụng Trò Chơi Học Tập Vào Dạy Học Phân Môn Ngữ Pháp Sách Giáo Khoa Tiếng Khmer Quyển 6.', 3, 6, '1000', 29, 'Thạch Thị Sô Khum', 'Tiếng Việt', 0, 1, 1),
(1359, 'Đề Xuất Phương Pháp Thảo Luận Nhóm Trong Dạy Học Phân Môn Tập Làm Văn Sách Giáo Khoa Tiềng Khmer Quyển 7.', 3, 6, '1000', 29, 'Thạch Thị Lài', 'Tiếng Việt', 0, 1, 1),
(1360, 'Thiết Kế Câu Hỏi Dạy Học Trong Phân Môn Ngữ Pháp Sách Giáo Khoa Tiếng Khmer Quyển 6.', 3, 6, '1000', 29, 'Lý Thị Bích Lệ', 'Tiếng Việt', 0, 1, 1),
(1361, 'Dạng Câu Hỏi Trắc Nghiệm Khách Quan Vào Thiết Kế Đề Kiểm Tra Đánh Giá 15 Phút, 1 Tiết Phân Môn Tập Đọc Sgk Tiếng Khmer Quyển 4.', 3, 6, '1000', 29, 'Thạch Thị Kim Linh', 'Tiếng Việt', 0, 1, 1),
(1362, 'Thiết Kế Bài Tập Mở Rộng Vốn Từ Phân Môn Tập Đọc Sách Giáo Khoa Tiếng Khmer Quyển 3.', 3, 6, '1000', 29, 'Cao Thị Tuyết Mai', 'Tiếng Việt', 0, 1, 1),
(1363, 'Giáo Dục Truyền Thống Văn Hoá Khmer Qua Các Câu Tục Ngữ Khmer Trong Sách Giáo Khoa Tiếng Khmer Quyển 3.', 3, 6, '1000', 29, 'Thạch Thị Mẩn', 'Tiếng Việt', 0, 1, 1),
(1364, 'Dạy Học Phân Môn Tập Làm Văn Sách Giáo Khoa Tiếng Khmer Quyển 6 Theo Hướng Tích Cực.', 3, 6, '1000', 29, 'Danh Thị Mỹ Non', 'Tiếng Việt', 0, 1, 1),
(1365, 'Thiết Kế Bài Tập Mở Rộng Vốn Từ Phân Môn Tập Đọc Sách Giáo Khoa Tiếng Khmer Quyển 2.', 3, 6, '1000', 29, 'Danh Thị Bé Ngoan', 'Tiếng Việt', 0, 1, 1),
(1366, 'Thiết Kế Hệ Thống Câu Hỏi Dạy Học Ngữvăn Khmer Cho Học Sinh Trung Học Cơ Sở Trong Chương Trình Sách Giáo Khoa Tiếng Khmer Quyển 1,3,4.', 3, 6, '1000', 29, 'Lâm Thuỳ Nguyên', 'Tiếng Việt', 0, 1, 1),
(1367, 'Khảo Sát Và Đề Xuất Một Số Phương Pháp Dạy Từ Bất Quy Tắc Trong Phân Môn Tập Đọc Sách Giáo Khoa Tiếng Khmer Quyển 5,6,7.', 3, 6, '1000', 29, 'Thạch Ngọc Quang', 'Tiếng Việt', 0, 1, 1),
(1368, 'Thiết Kế Hệ Thống Bài Tập Ngữ Pháp Khmer Sách Giáo Khoa Tiếng Khmer Quyển 5.', 3, 6, '1000', 29, 'Thạch Thị Thia Qui', 'Tiếng Việt', 0, 1, 1),
(1369, 'Vận Dụng Sơ Đồ Tư Duy Vào Dạy Học Ngữ Văn Khmer Trong Chương Trình Sách Giáo Khoa Tiếng Khmer Quyển 4,5.', 3, 6, '1000', 29, 'Lý Chanh Ry', 'Tiếng Việt', 0, 1, 1),
(1370, 'Dạy Học Phân Môn Kể Chuyện Sách Giáo Khoa Tiếng Khmer Quyển 3,4 Theo Phương Pháp Tích Cực.', 3, 6, '1000', 29, 'Thạch Thị Trang', 'Tiếng Việt', 0, 1, 1),
(1371, 'Thiết Kế Câu Hỏi Củng Cố Trong Học Phân Môn Tập Đọc Sách Giáo Khoa Tiếng Khmer Quyển 3.', 3, 6, '1000', 29, 'Trầm Ngọc Tràng', 'Tiếng Việt', 0, 1, 1),
(1372, 'Xây Dựng Hệ Thống Bài Tập Trong Dạy Học Hợp Tác Cho Phân Môn Tập Đọc Sách Giáo Khoa Tiếng Khmer Quyển 3.', 3, 6, '1000', 29, 'Thạch Hồng Vân', 'Tiếng Việt', 0, 1, 1),
(1373, 'Vận Dụng Phương Pháp Thảo Luận Nhóm Soạn Thảo Giảng Phân Môn Học Vần Sách Giáo Khoa Tiếng Khmer Quyển 1.', 3, 6, '1000', 29, 'Sơn Thị Hồng Vân', 'Tiếng Việt', 0, 1, 1),
(1374, 'Vận Dụng Phương Pháp Thảo Luận Nhóm Vào Dạy Học Phân Môn Kể Chuyện Sách Giáo Khoa Tiếng Khmer Quyển 4.', 3, 6, '1000', 29, 'Thạch Thị Thu Vân', 'Tiếng Việt', 0, 1, 1),
(1375, 'Khảo Sát Lỗi Chính Tả Tiếng Khmer Của Học Sinh Trường Phổ Thông Dân Tộc Nội Trú Trung Học Cơ Sở Và Trung Học Phổ Thông Huyện Tiểu Cần Và Đề Xuất Hướng Khắc Phục', 3, 6, '1000', 29, 'Thạch Thị Na Vươn', 'Tiếng Việt', 0, 1, 1),
(1376, 'Khảo Sát Và Đề Xuất Các Phương Pháp Dạy Học \nCác Thể Thơ Khmer Trong Sách Giáo Khoa Tiếng Khmer Quyển 3,5.', 3, 6, '1000', 29, 'Kim Xuân', 'Tiếng Việt', 0, 1, 1),
(1377, 'An Nam chí lược', 1, 6, '959', 1, 'Lê Tắc', 'Tiếng Việt', 2016, 4, 1),
(1378, 'Bác Hồ với miền Nam', 1, 6, '959', 2, 'Sông Lam', 'Tiếng Việt', 2015, 4, 1),
(1379, 'Bạc Liêu xưa', 1, 6, '959', 2, 'Huỳnh Minh', 'Tiếng Việt', 2002, 4, 1),
(1380, 'Bản sắc văn hoá qua lễ hội truyền thống người Việt', 1, 6, '959', 2, 'Nguyễn Quang Lê', 'Tiếng Việt', 2014, 4, 1),
(1381, 'Bảy mươi năm mùa thu cách mạng', 1, 6, '959', 2, 'Không rõ', 'Tiếng Việt', 2015, 4, 1),
(1382, 'Bốn mươi   40 năm thiên anh hùng ca giải phóng', 1, 6, '959', 2, 'Không rõ', 'Tiếng Việt', 2015, 4, 1),
(1383, 'Bùi Viện với cuộc duy tân của triều Tự Đức', 1, 6, '959', 2, 'Phan Trần Chúc', 'Tiếng Việt', 2000, 4, 1),
(1384, 'Cà Mau xưa', 1, 6, '959', 3, 'Nghê Văn Lương; Huỳnh Minh', 'Tiếng Việt', 2003, 4, 1),
(1385, 'Các quan nội thị', 1, 6, '959', 3, 'Phạm Khang', 'Tiếng Việt', 2010, 4, 1),
(1386, 'Chế độ thực dân Pháp trên đất Nam Kỳ 1859-1954', 1, 6, '959', 3, 'Nguyễn Đình Tư', 'Tiếng Việt', 2016, 3, 1),
(1387, 'Chế thắng phu nhân Nguyễn Thị Bích Châu và đền thiêng hải khẩu', 1, 6, '959', 3, 'Nguyễn Khắc Mai; Trung tâm Nghiên cứu Văn hóa Minh Triết', 'Tiếng Việt', 2015, 4, 1),
(1388, 'Chín đời chúa mười ba đời vua Nguyễn', 1, 6, '959', 3, 'Nguyễn Đắc Xuân', 'Tiếng Việt', 1998, 1, 1),
(1389, 'Chủ tịch Hồ Chí Minh - Người ghi dấu ấn thế kỷ', 1, 6, '959', 3, 'Nguyễn Đình Hùng; Thùy Linh Việt Trinh', 'Tiếng Việt', 2015, 4, 1),
(1390, 'Chủ tịch Tôn Đức Thắng - Người đồng chí thân thiết của Hồ Chủ tịch', 1, 6, '959', 3, 'Lê Minh', 'Tiếng Việt', 2015, 4, 1),
(1391, 'Con đường thiên lý', 1, 6, '959', 3, 'Không rõ', 'Tiếng Việt', 2015, 4, 1),
(1392, 'Công chúa Việt Nam', 1, 6, '959', 3, 'Đặng Việt Thủy', 'Tiếng Việt', 2013, 4, 1),
(1393, 'Đặc khảo về Nguyễn Trung Trực', 1, 6, '959', 4, 'Không rõ', 'Tiếng Việt', 2016, 3, 1),
(1394, 'Đặc khảo về Quang Trung - Nguyễn Huệ', 1, 6, '959', 4, 'Không rõ', 'Tiếng Việt', 2016, 4, 1),
(1395, 'Đặc khảo về Trương Công Định', 1, 6, '959', 4, 'Không rõ', 'Tiếng Việt', 2016, 4, 1),
(1396, 'Đại cương lịch sử văn hóa Việt Nam', 1, 6, '959', 4, 'Nguyễn Khắc Thuần', 'Tiếng Việt', 2012, 5, 1),
(1397, 'Đại Nam liệt truyện', 1, 6, '959', 4, 'Không rõ', 'Tiếng Việt', 2013, 4, 1),
(1398, 'Đại Nam liệt truyện', 1, 6, '959', 4, 'Không rõ', 'Tiếng Việt', 2014, 4, 1),
(1399, 'Đại Nam nhất thống chí.', 1, 6, '959', 4, 'Không rõ', 'Tiếng Việt', 2012, 3, 1),
(1400, 'Đại Việt sử ký tục biên (1676-1789)', 1, 6, '959', 4, 'Không rõ', 'Tiếng Việt', 2011, 2, 1),
(1401, 'Dặm dài đất nước', 1, 6, '959', 4, 'Trần Quốc Vượng', 'Tiếng Việt', 2013, 3, 1),
(1402, 'Danh tướng trong lịch sử Việt Nam', 1, 6, '959', 4, 'Hữu Hoàng', 'Tiếng Việt', 2013, 4, 1),
(1403, 'Đất Gia Định, Bến Nghé xưa và người Sài Gòn', 1, 6, '959', 4, 'Sơn Nam', 'Tiếng Việt', 2014, 4, 1),
(1404, 'Dấu ấn văn hoá tiền - sơ sử vùng lòng hồ Plei Krông, Kon Tum', 1, 6, '959', 4, 'Không rõ', 'Tiếng Việt', 2014, 4, 1),
(1405, 'Dấu xưa - Tản mạn lịch sử nhà Nguyễn', 1, 6, '959', 4, 'Mathilde Tuyết Trần Phan; Văn Hoàng', 'Tiếng Việt', 2011, 4, 1),
(1406, 'Đề Thám chống chế độ thuộc địa Pháp (1846-1913)', 1, 6, '959', 4, 'Trương Sỹ Hùng', 'Tiếng Việt', 2014, 4, 1),
(1407, 'Di sản vô giá của Kinh thành Thăng Long', 1, 6, '959', 4, 'Nhật Minh Nhật Minh; Vân Anh Nguyễn; Thị Linh Chi', 'Tiếng Việt', 2015, 2, 1),
(1408, 'Di tích lịch sử - văn hóa An Giang', 1, 6, '959', 4, 'Không rõ', 'Tiếng Việt', 2001, 4, 1),
(1409, 'Di tích lịch sử văn hoá nổi tiếng ở Việt Nam', 1, 6, '959', 4, 'Đặng Việt Thuỷ', 'Tiếng Việt', 2013, 4, 1),
(1410, 'Di tích quốc gia đặc biệt - Khu lưu niệm Chủ tịch Hồ Chí Minh tại quê hương Nghệ An', 1, 6, '959', 4, 'Không rõ', 'Tiếng Việt', 2015, 4, 1),
(1411, 'Địa danh kháng chiến Nam Bộ', 1, 6, '959', 4, 'Không rõ', 'Tiếng Việt', 2015, 4, 1),
(1412, 'Đỉnh cao đế quốc, Đà Lạt và sự hưng vong của Đông Dương thuộc Pháp', 1, 6, '959', 4, 'Jennings Eric T.; Bùi Thanh Châu; Trần ĐứcTài; Phạm Viêm Hương', 'Tiếng Việt', 2014, 5, 1),
(1413, 'Đình nguyên Hoàng giáp Đào Nguyên Phổ', 1, 6, '959', 4, 'Không rõ', 'Tiếng Việt', 2014, 4, 1),
(1414, 'Đinh Tiên Hoàng và mười hai sứ quân', 1, 6, '959', 4, 'Đăng Khoa Hoài Thu', 'Tiếng Việt', 2014, 4, 1),
(1415, 'Đời sống xã hội - kinh tế - văn hóa của ngư dân và cư dân vùng biển Nam Bộ', 1, 6, '959', 4, 'Phan Thị Yến Tuyết', 'Tiếng Việt', 2014, 1, 1),
(1416, 'Đông Dương hấp hối', 1, 6, '959', 4, 'Navarre Heri; Phan Thanh Toàn', 'Tiếng Việt', 2015, 4, 1),
(1417, 'Giải mật chính trường miền Nam sau đảo chính Ngô Đình Diệm', 1, 6, '959', 7, 'Nông Huyền Sơn', 'Tiếng Việt', 2015, 4, 1),
(1418, 'Giản yếu sử Việt Nam', 1, 6, '959', 7, 'Đặng Duy Phúc', 'Tiếng Việt', 2015, 4, 1),
(1419, 'Giáo sĩ thừa sai và chính sách thuộc địa của Pháp tại Việt Nam (1857-1914)', 1, 6, '959', 7, 'Cao Huy Thuần; Nguyên Thuận', 'Tiếng Việt', 2014, 2, 1),
(1420, 'Giáo sư Trần Văn Giàu', 1, 6, '959', 7, 'Nguyễn Phan Quang', 'Tiếng Việt', 2014, 9, 1),
(1421, 'Hải ngoại kỷ sự', 1, 6, '959', 8, 'Thích Đại Sán ủy ban Phiên dịch Sử liệu Việt Nam', 'Tiếng Việt', 2015, 4, 1),
(1422, 'Hồ Chí Minh - Anh hùng dân tộc và tầm thời đại của người', 1, 6, '959', 8, 'Hà Minh Đức', 'Tiếng Việt', 2014, 4, 1),
(1423, 'Hồ Chí Minh - Biểu tượng của hoà bình và hữu nghị giữa nhân dân toàn thế giới', 1, 6, '959', 8, 'Đỗ Hoàng Linh; Nguyễn Văn Dương; Đỗ Hoàng Linh', 'Tiếng Việt', 2015, 4, 1),
(1424, 'Hồ Chí Minh - Tìm đường, mở đường dẫn đường, thiết kế tương lai', 1, 6, '959', 8, 'Bùi Đình Phong', 'Tiếng Việt', 2015, 4, 1),
(1425, 'Hồ Chí Minh và 5 bảo vật quốc gia', 1, 6, '959', 8, 'Nguyễn Văn Dương; Vũ Thị Kim Yến; Lường Thị Lan; Khu Di tích Chủ tịch Hồ Chí Minh tại Phủ Chủ tịch', 'Tiếng Việt', 2014, 4, 1),
(1426, 'Hồ Chí Minh và niềm tin tất thắng', 1, 6, '959', 8, 'Không rõ', 'Tiếng Việt', 2015, 4, 1),
(1427, 'Hồ Chí Minh với văn nghệ sĩ - văn nghệ sĩ với Hồ Chí Minh', 1, 6, '959', 8, 'Không rõ', 'Tiếng Việt', 2012, 1, 1),
(1428, 'Hồ Chí Minh với văn nghệ sĩ - văn nghệ sĩ với Hồ Chí Minh', 1, 6, '959', 8, 'Không rõ', 'Tiếng Việt', 2013, 1, 1),
(1429, 'Hồ Chí Minh với văn nghệ sĩ - văn nghệ sĩ với Hồ Chí Minh', 1, 6, '959', 8, 'Hữu Thỉnh; Phạm Trung Đỉnh; Trần Quang Quý', 'Tiếng Việt', 2013, 1, 1),
(1430, 'Hồ Chí Minh với văn nghệ sĩ - văn nghệ sĩ với Hồ Chí Minh', 1, 6, '959', 8, 'Hữu Thỉnh; Phạm Trung Đỉnh; Trần Quang Quý', 'Tiếng Việt', 2012, 1, 1),
(1431, 'Hồ Chí Minh với văn nghệ sĩ - văn nghệ sĩ với Hồ Chí Minh', 1, 6, '959', 8, 'Hữu Thỉnh; Phạm Trung Đỉnh; Trần Quang Quý', 'Tiếng Việt', 2010, 2, 1),
(1432, 'Hồ sơ về Lục Châu học   Tìm hiểu con người ở vùng đất mới', 1, 6, '959', 8, 'Nguyễn Văn Trung', 'Tiếng Việt', 2015, 3, 1),
(1433, 'Hoàng Lê nhất thống chí', 1, 6, '959', 8, 'Ngô Gia Văn Phái', 'Tiếng Việt', 2015, 4, 1),
(1434, 'Hỏi - đáp về lịch sử cách mạng Việt Nam (1945-2015)', 1, 6, '959', 8, 'Nguyễn Sông Lam', 'Tiếng Việt', 2015, 4, 1),
(1435, 'Hỏi đáp văn hoá cố đô Hoa Lư', 1, 6, '959', 8, 'Không rõ', 'Tiếng Việt', 2009, 4, 1),
(1436, 'Hội nghị Genève năm 1954 về Đông Dương', 1, 6, '959', 8, 'Hoàng Nguyên', 'Tiếng Việt', 2015, 4, 1),
(1437, 'Khúc tiêu đồng', 1, 6, '959', 12, 'Hà Ngại', 'Tiếng Việt', 2014, 4, 1),
(1438, 'Kiến Hòa (Bến Tre) xưa', 1, 6, '959', 12, 'Huỳnh Minh', 'Tiếng Việt', 2001, 4, 1),
(1439, 'Kiến văn tiểu lục.', 1, 6, '959', 12, 'Lê Quý Đôn; Phạm Trọng Điềm', 'Tiếng Việt', 2013, 4, 1),
(1440, 'Kinh đô Việt Nam xưa và nay', 1, 6, '959', 12, 'Kim Dung Huyền Anh', 'Tiếng Việt', 2013, 4, 1),
(1441, 'Ký ức tàu không số', 1, 6, '959', 12, 'Mã Thiện Đồng', 'Tiếng Việt', 2015, 1, 1),
(1442, 'Lê triều bí sử', 1, 6, '959', 13, 'Không rõ', 'Tiếng Việt', 2015, 4, 1),
(1443, 'Lê triều Lý thị', 1, 6, '959', 13, 'Phạm Minh Kiên', 'Tiếng Việt', 2015, 4, 1),
(1444, 'Lê Văn Duyệt với vùng đất Nam bộ', 1, 6, '959', 13, 'Không rõ', 'Tiếng Việt', 2015, 4, 1),
(1445, 'Lê Văn Duyệt với vùng đất Nam bộ', 1, 6, '959', 13, 'Không rõ', 'Tiếng Việt', 2002, 4, 1),
(1446, 'Lịch sử khẩn hoang Miền Nam', 1, 6, '959', 13, 'Sơn Nam', 'Tiếng Việt', 2014, 9, 1),
(1447, 'Lịch sử Việt Nam', 1, 6, '959', 13, 'Lê Thành Khôi; Nguyễn Nghị; Nguyễn Thừa Hỷ', 'Tiếng Việt', 2014, 9, 1),
(1448, 'Lịch sử Việt Nam giản yếu', 1, 6, '959', 13, 'Không rõ', 'Tiếng Việt', 2015, 4, 1),
(1449, 'Lịch sử vương quốc đàng ngoài', 1, 6, '959', 13, 'Rhodes Alexandre De; Nguyễn Khắc Xuyên', 'Tiếng Việt', 2016, 9, 1),
(1450, 'Lịch triều hiến chương loại chí.', 1, 6, '959', 13, 'Phan Huy Chú', 'Tiếng Việt', 2014, 4, 1),
(1451, 'Lính thợ Đông Dương ở Pháp (1939-1952)', 1, 6, '959', 13, 'Daum Pierre; Manceron Gilles; Trần Hữu Khánh', 'Tiếng Việt', 2014, 4, 1),
(1452, 'Lược sử Đông Nam á', 1, 6, '959', 13, 'Không rõ', 'Tiếng Việt', 1999, 2, 1),
(1453, 'Lược sử vùng đất Nam bộ - Việt Nam', 1, 6, '959', 13, 'Không rõ', 'Tiếng Việt', 2006, 1, 1),
(1454, 'Lược sử vùng đất Nam Bộ Việt Nam / Vũ Minh Giang (ch.b.) ... [et al.]', 1, 6, '959', 13, 'Không rõ', 'Tiếng Việt', 2014, 2, 1),
(1455, 'Bảng tra chữ Nôm', 1, 6, '495', 2, 'Hoàng Hựu; Viện Khoa học xã hội Việt Nam.', 'Tiếng Việt', 2013, 1, 1),
(1456, 'Báo quốc ngữ ở Sài Gòn cuối thế kỷ 19', 1, 6, '079', 2, 'Trần Nhật Vy', 'Tiếng Việt', 2015, 3, 1),
(1457, 'Cảm thức nghệ thuật trong sử thi Ramayana', 1, 6, '398 ', 3, 'Phạm Phương Chi', 'Tiếng Việt', 2015, 4, 1),
(1458, 'Chính sách ngôn ngữ & lập pháp ngôn ngữ ở Việt Nam', 1, 6, '495', 3, 'Nguyễn Văn Khang; Viện Hàn lâm Khoa học xã hội Việt Nam - Viện ngôn ngữ học', 'Tiếng Việt', 2014, 1, 1),
(1459, 'Cơ sở ngôn ngữ học và tiếng Việt', 1, 6, '495', 3, 'Mai Ngọc Chừ; Vũ Đức Nghiệu; Hoàng Trọng Phiến', 'Tiếng Việt', 2014, 4, 1),
(1460, 'Đặc điểm thơ Hàn Mạc Tử và phương pháp dạy học tích cực trong nhà trường phổ thông', 1, 6, '1000', 4, 'Nguyễn Minh Xuân', 'Tiếng Việt', 0, 1, 1),
(1461, 'Đại tự điển chữ Nôm', 4, 6, '495', 4, 'Vũ Văn Kính; Trung tâm nghiên cứu quốc học', 'Tiếng Việt', 2015, 3, 1),
(1462, 'Dẫn luận ngôn ngữ học tri nhận', 1, 6, '410', 4, 'Lee David; Nguyễn Văn Hiệp; Nguyễn Hoàng An', 'Tiếng Việt', 2016, 4, 1),
(1463, 'Dẫn luận ngôn ngữ học tri nhận', 1, 6, '1000', 4, 'Nguyễn Thị Cẩm Ngân', 'Tiếng Việt', 0, 1, 1),
(1464, 'Dạy đọc hiểu văn bản thơ hiện đại trong chương trình ngữ văn 11 theo phương pháp hướng dẫn tự học cho học sinh trường THPT', 1, 6, '1000', 4, 'Mai Thị Tuyết Nhung', 'Tiếng Việt', 0, 1, 1),
(1465, 'Dạy học ca dao lớp 10 dựa trên kiến thức nền của người học', 1, 6, '1000', 4, 'Nguyễn Thị Kim Tuyến', 'Tiếng Việt', 0, 1, 1),
(1466, 'Dạy học ca dao, tục ngữ bậc trung học trong mối quan hệ với văn hóa dân gian', 1, 6, '1000', 4, 'Võ Thị Ngọc Kiều', 'Tiếng Việt', 0, 1, 1),
(1467, 'Dạy học ngữ văn địa phương Trà Vinh cho học sinh THPT theo hướng trải nghiệm sáng tạo (phản văn học hiện đại)', 1, 6, '1000', 4, 'Thạch Anh Vũ', 'Tiếng Việt', 0, 1, 1),
(1468, 'Dạy học tác phẩm Nguyễn Đình Chiểu trong chương trình ngữ văn phổ thông theo thi pháp thể loại', 1, 6, '1000', 4, 'Trần Thị Thanh Thảo', 'Tiếng Việt', 0, 1, 1),
(1469, 'Dạy học thơ Đường lớp 10 theo đặc trưng thể loại', 1, 6, '1000', 4, 'Nguyễn Thị Huyền Trân', 'Tiếng Việt', 0, 1, 1),
(1470, 'Dạy học thơ Nguyễn Khuyến trong chương trình THPT theo thi pháp thể loại', 1, 6, '1000', 4, 'Nguyễn Hoàng Vinh', 'Tiếng Việt', 0, 1, 1),
(1471, 'Dạy học thơ văn Nguyễn Đình Chiểu ở trường phổ thông theo hướng tiếp cận văn hóa', 1, 6, '1000', 4, 'Lê Văn Hiển', 'Tiếng Việt', 0, 1, 1),
(1472, 'Dạy học truyện cổ tích Khmer 10 ở trường Trung cấp Pali- Khmer tỉnh Trà Vinh theo hướng tích hợp', 1, 6, '1000', 4, 'Thạch Vàng', 'Tiếng Việt', 0, 1, 1),
(1473, 'Dạy học truyện cười ở chương trình ngữ văn 10 theo hướng tích hợp rèn luyện năng lực cho học sinh THPT', 1, 6, '1000', 4, 'Ngô Đức Trí', 'Tiếng Việt', 0, 1, 1),
(1474, 'Dạy học truyện cười tại trường THPT và THCS huyện Duyên Hải (Trà Vinh)', 1, 6, '1000', 4, 'Phạm Văn Chấp', 'Tiếng Việt', 0, 1, 1),
(1475, 'Dạy học truyện ngắn dân gian lớp 10 theo định hướng phát triển năng lực học sinh', 1, 6, '1000', 4, 'Nguyễn Thị Hồng Thúy', 'Tiếng Việt', 0, 1, 1),
(1476, 'Dạy học truyện ngắn hiện đại Việt Nam trong chương trình ngữ văn 9 theo định hướng phát triển năng lực người học', 1, 6, '1000', 4, 'Nguyễn Thị Quyên', 'Tiếng Việt', 0, 1, 1),
(1477, 'Dạy học truyện Tấm Cám ở trường THPT theo phương pháp so sánh', 1, 6, '1000', 4, 'Nguyễn Thị Kim Ngân', 'Tiếng Việt', 0, 1, 1),
(1478, 'Dạy học truyện thơ dân gian trong chương trình ngữ văn 10 theo đặc trưng thể loại (khảo sát và thực nghiệm ở trường THPT Long Hữu, Trà Vinh', 1, 6, '1000', 4, 'Đặng Thùy Trang', 'Tiếng Việt', 0, 1, 1),
(1479, 'Dạy học văn học trung đại trong chương trình ngữ văn địa phương Trà Vinh', 1, 6, '1000', 4, 'Thạch Thị Hồng Khanh', 'Tiếng Việt', 0, 1, 1),
(1480, 'Dạy học văn học trung đại trong chương trình ngữ văn THPT từ chủ đề tiếp nhận và từ góc độ thể loại', 1, 6, '1000', 4, 'Nguyễn Anh Thư', 'Tiếng Việt', 0, 1, 1),
(1481, 'Dạy học văn học trung đại Việt Nam ở trường THPT Theo định hướng phát triển năng lực người học', 1, 6, '1000', 4, 'Nguyễn Thị Diễm Kiều', 'Tiếng Việt', 0, 1, 1),
(1482, 'Dạy học văn nghị luận ở lớp 11 theo định hướng tích hợp', 1, 6, '1000', 4, 'Diệp Tường Vi', 'Tiếng Việt', 0, 1, 1),
(1483, 'Dạy học văn thuyết minh ở lớp 10 theo định hướng tích hợp', 1, 6, '1000', 4, 'Đặng Thị Hồng Anh', 'Tiếng Việt', 0, 1, 1),
(1484, 'Dạy thơ Nôm Đường luật theo hướng phát triển năng lực tự học của học sinh THPT', 1, 6, '1000', 4, 'Traần Thanh Tuấn', 'Tiếng Việt', 0, 1, 1),
(1485, 'Dịch học văn hóa cổ truyền', 1, 6, '133', 4, 'Nguyễn Duy Hinh', 'Tiếng Việt', 2013, 4, 1),
(1486, 'Dịch thuật', 1, 6, '418', 4, 'Nguyễn Thượng Hùng', 'Tiếng Việt', 2014, 4, 1),
(1487, 'Diện mạo văn học Việt Nam Pháp ngữ', 1, 6, '895', 4, 'Nguyễn Công Lý; Phạm Văn Quang; Đại học Quốc gia thành phố Hồ Chí Minh', 'Tiếng Việt', 2015, 4, 1),
(1488, 'Giáo trình cơ sở lý luận báo chí truyền thông', 1, 6, '070', 7, 'Dương Xuân Sơn; Đinh Văn Hường; Trần Quang', 'Tiếng Việt', 2015, 3, 1),
(1489, 'Giáo trình Hán ngữ Q2', 1, 6, '495', 7, 'Dương Kỳ Châu; Trương Văn Giới; Lê Khắc Kiều Lục', 'Tiếng Việt', 2014, 4, 1),
(1490, 'Giáo trình Hán ngữ Q1', 1, 6, '495', 7, 'Dương Ký Châu; Trương Văn Giới; Lê Khắc Kiều Lục', 'Tiếng Việt', 2014, 4, 1),
(1491, 'Hán Văn giáo khoa thư', 1, 6, '495', 8, 'Võ Như Nguyện; Nguyễn Hồng Giao; Nguyễn Minh Tiến', 'Tiếng Việt', 2009, 1, 1),
(1492, 'Hán Việt từ điển : Giản yếu : 5000 đơn tự, 40000 từ ngữ', 4, 6, '495', 8, 'Đào Duy Anh; Hãn Mạn Tử Giao Tiều', 'Tiếng Việt', 2015, 2, 1),
(1493, 'Khai thác các yếu tố văn hóa trong dạy học truyền thuyết ở chương trình ngữ văn trung học', 1, 6, '1000', 12, 'Trần Thị Thanh Thản', 'Tiếng Việt', 0, 1, 1),
(1494, 'Khai thác người phụ nữ trong ca dao nam bộ để phục vụ cho việc giảng dạy văn học địa phương', 1, 6, '1000', 12, 'Hứa Hạnh Liên', 'Tiếng Việt', 0, 1, 1),
(1495, 'Khảo sát dạy học văn học dân gian trong thời đại công nghệ thông tin: chương trình ngữ văn 10', 1, 6, '1000', 12, 'Nguyễn Thành Liêm', 'Tiếng Việt', 0, 1, 1),
(1496, 'Khảo sát nhóm truyện kể về sự tích các hoài cây trong đời sống văn hóa người dân Nam Bộ theo phương pháp nghiên cứu liên ngành', 1, 6, '1000', 12, 'Võ Thị Ngọc Diệu', 'Tiếng Việt', 0, 1, 1),
(1497, 'Khảo sát thực trạng dạy học ngữ văn THCS theo mô hình trường học mới (VNEN) ở Trà Vinh', 1, 6, '1000', 12, 'Nguyễn Tài Đức', 'Tiếng Việt', 0, 1, 1),
(1498, 'Khảo sát thực trạng đề xuất giải pháp tạo hứng thú cho học sinh trong giờ học văn học dân gian lớp 6', 1, 6, '1000', 12, 'Sơn Kiều Ngoan', 'Tiếng Việt', 0, 1, 1),
(1499, 'Khảo sát việc dạy học văn học dân gian trong thời đại công nghệ thông tin: chương trình ngữ văn 6', 1, 6, '1000', 12, 'Phạm Văn Qui', 'Tiếng Việt', 0, 1, 1),
(1500, 'Luận giải văn học và triết học', 1, 6, '895', 13, 'Phạm Quỳnh; Trịnh Bá Đĩnh', 'Tiếng Việt', 2016, 5, 1),
(1501, 'Lục Vân Tiên cổ tích truyện T1', 1, 6, '895', 13, 'Bourdeaux Pascal; Tessier Olivier; Trần Ngọc Xuân Lan; Nguyễn Hiền Tâm', 'Tiếng Việt', 2016, 4, 1),
(1502, 'Lục Vân Tiên cổ tích truyện T2', 1, 6, '895', 13, 'Bourdeaux Pascal; Tessier Olivier; Trần Ngọc Xuân Lan; Nguyễn Hiền Tâm', 'Tiếng Việt', 2016, 3, 1),
(1503, 'Lý thuyết và ứng dụng lý thuyết trong nghiên cứu văn học', 1, 6, '809 ', 13, 'Owen Stephen; Damrosch David; Thornber Karen; Trần Hải Yến; Viện Hàn lâm Khoa học xã hội Việt Nam; Viện Văn học', 'Tiếng Việt', 2016, 3, 1),
(1504, 'Mười ba 13 truyện ngắn hay 2013', 1, 6, '895', 14, 'Không rõ', 'Tiếng Việt', 2014, 1, 1),
(1505, 'Nghiên cứu và giảng dạy nghệ thuật xây dựng tình huống truyện trong truyện ngắn Nguyễn Minh Châu ở trường THPT Cầu Quan', 1, 6, '1000', 15, 'Nguyễn Kim Khôi', 'Tiếng Việt', 0, 1, 1),
(1506, 'Nghiên cứu văn học dân gian từ mã văn hóa dân gian', 1, 6, '390 ', 15, 'Nguyễn Thị Bích Hà', 'Tiếng Việt', 2014, 1, 1),
(1507, 'Ngôn ngữ các dân tộc thiểu số ở Việt Nam và chính sách ngôn ngữ', 1, 6, '495', 15, 'Hoàng Tuệ Nguyễn; Văn Tài Hoàng; Văn Ma Lục Văn Pảo; Bùi Khánh Thế', 'Tiếng Việt', 1984, 4, 1),
(1508, 'Ngôn ngữ miền sông nước', 1, 6, '495', 15, 'Võ Văn Thắng; Hồ Xuân Mai', 'Tiếng Việt', 2014, 4, 1),
(1509, 'Ngôn ngữ tự sự trong truyện Kiều của Nguyễn Du từ nghiên cứu đến giảng dạy', 1, 6, '1000', 15, 'Trần Ngọc Thư', 'Tiếng Việt', 0, 1, 1),
(1510, 'Nhóm sử thi dân tộc Bana Kontum)', 1, 6, '895', 15, 'Phan Thị Hồng; Trung tâm Quốc học', 'Tiếng Việt', 2006, 4, 1),
(1511, 'Những cơ sở triết học trong ngôn ngữ học', 1, 6, '410', 15, 'Không rõ', 'Tiếng Việt', 1984, 3, 1),
(1512, 'Những vấn đề văn học và ngôn ngữ Nam Bộ T2', 1, 6, '895', 15, 'Không rõ', 'Tiếng Việt', 2016, 4, 1),
(1513, 'Những vấn đề văn học và ngôn ngữ Nam Bộ T1', 1, 6, '895', 15, 'Không rõ', 'Tiếng Việt', 2016, 4, 1),
(1514, 'Phát triển kỹ năng làm văn cho học sinh THPT qua các dạng đề mở', 1, 6, '1000', 17, 'Nguyễn Thị Hồng Lam', 'Tiếng Việt', 0, 1, 1),
(1515, 'Phát triển năng lực đọc hiểu văn bản văn học cho học sinh lớp 10 theo phương pháp dạy học dựa trên phản hồi cuả người đọc', 1, 6, '1000', 17, 'Võ Thanh Thúy', 'Tiếng Việt', 0, 1, 1),
(1516, 'Phong cách học tiếng Việt :', 1, 6, '495', 17, 'Đinh Trọng Lạc; Nguyễn Thái Hòa', 'Tiếng Việt', 2013, 4, 1),
(1517, 'Phong cách học tiếng Việt hiện đại', 1, 6, '495', 17, 'Hữu Đạt', 'Tiếng Việt', 2011, 4, 1),
(1518, 'Phương pháp dạy học tiếng Việt', 1, 6, '495', 17, 'Lê A; Nguyễn Quang Ninh; Bùi Minh Toán', 'Tiếng Việt', 2014, 3, 1),
(1519, 'Phương pháp khai thác và sử dụng mẫu trong dạy học làm văn ở trường phổ thông theo quan điểm phát triể năng lực cho học sinh', 1, 6, '1000', 17, 'Thạch Thị Uy Tha', 'Tiếng Việt', 0, 1, 1),
(1520, 'Phương Ngữ Tiếng Khmer ĐBSCL', 1, 6, '1000', 17, 'Không rõ', 'Tiếng Việt', 0, 1, 1),
(1521, 'Quốc văn giáo khoa thư', 1, 6, '170', 18, 'Không rõ', 'Tiếng Việt', 2014, 2, 1),
(1522, 'Rèn luyện năng lực  sáng tạo cho học sinh trong dạy học làm văn ở lớp 11', 1, 6, '1000', 19, 'Nguyễn Thị Thắm', 'Tiếng Việt', 0, 1, 1),
(1523, 'Rèn luyện năng lực giải quyết vấn đề và sáng tạo cho học sinh trong dạy học văn bản tự sự dân gian ở trường phổ thông', 1, 6, '1000', 19, 'Nguyễn Thị Cửu Thiên', 'Tiếng Việt', 0, 1, 1),
(1524, 'So sánh thế giới nghệ thuật trong ca dao Nam Bộ với ca dao Bắc Bộ', 1, 6, '1000', 20, 'Ngô Thị Lệ Hoa', 'Tiếng Việt', 0, 1, 1),
(1525, 'Sử dụng kênh hình trong dạy học truyện ngắn Việt Nam 1945 -1975 ở trường THPT', 1, 6, '1000', 20, 'Trần Huy Cường', 'Tiếng Việt', 0, 1, 1),
(1526, 'Sử dụng phương pháp dạy học hợp tác trong dạy đọc- hiểu văn bản văn học ở trường THPT - Thực trạng và giải pháp', 1, 6, '1000', 20, 'Lào Thị Ngọc Bích', 'Tiếng Việt', 0, 1, 1),
(1527, 'Sử dụng phương pháp hoạt động nhóm trong dạy học làm văn (bậc THPT)', 1, 6, '1000', 20, 'Lưu Thị Diệu Hiền', 'Tiếng Việt', 0, 1, 1),
(1528, 'Tác phẩm đăng báo 1933-1934', 1, 6, '895', 21, 'Phan Khôi; Lại Nguyên Ân', 'Tiếng Việt', 2014, 3, 1),
(1529, 'Tác phẩm đăng báo 1935', 1, 6, '895', 21, 'Phan Khôi; Lại Nguyên Ân', 'Tiếng Việt', 2014, 3, 1),
(1530, 'Tác phẩm tự sự nước ngoài trong chương trình ngữ văn 12 và vấn đề tiếp nhận học sinh', 1, 6, '1000', 21, 'Lê Thị Hồng Thắm', 'Tiếng Việt', 0, 1, 1),
(1531, 'Tạo hứng thú và nâng cao năng lực tiếp nhận tác phẩm thơ nôm trung đại Việt Nam của học sinh lớp 10 - Thực trạng và giải pháp', 1, 6, '1000', 21, 'Nguyễn Thị Oanh', 'Tiếng Việt', 0, 1, 1),
(1532, 'Thiết kế các hoạt động ngoại khóa văn học dân gian cho học sinh trường THPT Tập Sơn, huyện Trà Cú, tỉnh Trà Vinh', 1, 6, '1000', 21, 'Chung Minh Hùng', 'Tiếng Việt', 0, 1, 1),
(1533, 'Thơ Trà Vinh và vấn đề giảng dạy văn học địa phương trong nhà trường phổ thông', 1, 6, '1000', 21, 'Nguyễn Thành Nghiêm', 'Tiếng Việt', 0, 1, 1),
(1534, 'Thư kinh diễn nghĩa', 1, 6, '931', 21, 'Lê Quý Đôn; Ngô Thế Long; Trần Văn Quyền; Ngô Thế Long', 'Tiếng Việt', 2014, 4, 1),
(1535, 'Tích cực hóa hoạt động học tập của học sinh trong dạy học truyện ngụ ngôn - khảo sát trường hợp trường PTDT nội trú THCS huyện Duyên Hải, tỉnh Trà Vinh', 1, 6, '1000', 21, 'Sơn Ngọc Thảo', 'Tiếng Việt', 0, 1, 1),
(1536, 'Tiếng Việt hành chính', 1, 6, '351', 21, 'Vũ Thị Sao Chi; Viện Hàn lâm Khoa học xã hội Việt Nam', 'Tiếng Việt', 2016, 3, 1),
(1537, 'Tiếng Việt và sự phát triển văn hóa Việt Nam', 1, 6, '306 ', 21, 'Hồ Ngọc Mai; Viện Hàn lâm Khoa học xã hội Việt Nam', 'Tiếng Việt', 2016, 3, 1),
(1538, 'Tiếp cận và dạy học tác phẩm trữ tình Việt Nam trong chương trình ngữ văn 12 theo đặc trưng thể loại', 1, 6, '1000', 21, 'Sử Văn Khanh', 'Tiếng Việt', 0, 1, 1),
(1539, 'Tiếp cận và dạy học truyện ngắn Việt Nam hiện đại trong chương trình ngữ văn 11 theo đặc trưng thể loại ở trường THPT chuyên Nguyễn Thiện Thành', 1, 6, '1000', 21, 'Bùi Thu Hiền', 'Tiếng Việt', 0, 1, 1),
(1540, 'Tiếp nhận tác phẩm thơ của học sinh lớp 12 trường THPT Nguyễn Văn Hai, tỉnh Trà Vinh - Thực trạng và giải pháp', 1, 6, '1000', 21, 'Lư Mai Ngọc Viễn', 'Tiếng Việt', 0, 1, 1),
(1541, 'Tiếp nhận văn học dân gian của học sinh Khmer tại Trường PTDT Nội trú THPT tỉnh Trà Vinh', 1, 6, '1000', 21, 'Lê Thị Hồng Ngự', 'Tiếng Việt', 0, 1, 1),
(1542, 'Tìm hiểu ẩm thực Nam Bộ qua tục ngữ, ca dao nhằm phục vụ cho việc giảng dạy chương trình địa phương', 1, 6, '1000', 21, 'Kim Thị Ngọc Hồng', 'Tiếng Việt', 0, 1, 1),
(1543, 'Tổ chức và xây dựng tính huống vấn đề trong dạy học môn ngữ pháp (bậc THPT)', 1, 6, '1000', 21, 'Nguyễn Thị Cẩm Dung', 'Tiếng Việt', 0, 1, 1),
(1544, 'Trung luận và hồi tranh luận', 1, 6, '294', 21, 'Không rõ', 'Tiếng Việt', 2015, 4, 1),
(1545, 'Truyện ngắn Nam Cao trong chương trình trung học và việc phát triển năng lực cảm thụ văn học của học sinh trên địa bàn tỉnh Trà Vinh', 1, 6, '1000', 21, 'Huỳnh Thị Trúc Linh', 'Tiếng Việt', 0, 1, 1),
(1546, 'Truyền thuyết Trà Vinh và việc giảng dạy thể loại truyền thuyết Trà Vinh ở trường phổ thông theo đặc trưng thể loại', 1, 6, '1000', 21, 'Nguyễn Thị Hồng Vân', 'Tiếng Việt', 0, 1, 1),
(1547, 'Từ văn hóa đến văn hóa học', 1, 6, '306 ', 21, 'Phạm Đức Dương', 'Tiếng Việt', 2013, 14, 1),
(1548, 'Tục ngữ ca dao dân ca Việt Nam', 1, 6, '398 ', 21, 'Vũ Ngọc Phan', 'Tiếng Việt', 2016, 4, 1),
(1549, 'Tuyển tập Bàn Tài Đoàn', 1, 6, '895', 21, 'Không rõ', 'Tiếng Việt', 2018, 1, 1),
(1550, 'Vấn đề thiết kế bài học ngữ văn 6 thực trạng và giải pháp', 1, 6, '1000', 23, 'Nguyễn Lê Ngọc Bích', 'Tiếng Việt', 0, 1, 1),
(1551, 'Vận dụng lý thuyết kiến tạo vào dạy họa thể ký hiện đại Việt Nam trong chương trình THPT', 1, 6, '1000', 23, 'Nguyễn Thị Ngọc Như', 'Tiếng Việt', 0, 1, 1),
(1552, 'Vận dụng một số biện pháp, kỹ thuật trợ giúp học sinh đọc - hiểu văn bản vào dạy học thơ Đường luật ở chương trình ngữ văn THPT', 1, 6, '1000', 23, 'Nguyễn Thị Quyên', 'Tiếng Việt', 0, 1, 1),
(1553, 'Vận dụng ngôn ngữ học văn bản vào dạy đọc hiểu truyện ngắn \"Làng\" (Kim Lân) ở Trung học Cơ sở', 1, 6, '1000', 23, 'Nguyễn Thị Loan', 'Tiếng Việt', 0, 1, 1),
(1554, 'Vận dụng phương pháp so sánh loại hình vào giảng dạy thể loại truyệ cổ tích ở bậc THCS và THPT', 1, 6, '1000', 23, 'Phan Thanh Tú', 'Tiếng Việt', 0, 1, 1),
(1555, 'Văn học Chăm', 1, 6, '895', 23, 'Inrasara', 'Tiếng Việt', 2015, 8, 1),
(1556, 'Văn học miền Nam lục tỉnh T1', 1, 6, '895', 23, 'Nguyễn Văn Hầu', 'Tiếng Việt', 2012, 2, 1),
(1557, 'Văn học miền Nam lục tỉnh T2', 1, 6, '895', 23, 'Nguyễn Văn Hầu', 'Tiếng Việt', 2012, 2, 1),
(1558, 'Văn học miền Nam lục tỉnh T3', 1, 6, '895', 23, 'Nguyễn Văn Hầu', 'Tiếng Việt', 2012, 2, 1),
(1559, 'Văn học trong cuộc đấu tranh tư tưởng tại miền Nam Việt Nam thời kì 1954-1975', 1, 6, '895', 23, 'Trần Trọng Đăng Đàn', 'Tiếng Việt', 2015, 4, 1),
(1560, 'Văn học, nghệ thuật Việt Nam hiện nay', 1, 6, '709 ', 23, 'Đinh Xuân Dũng; Hội đồng Lý luận Phê bình Văn học; Nghệ thuật Trung ương', 'Tiếng Việt', 2016, 7, 1),
(1561, 'Văn tự Hán Nôm trên đồ gốm, sứ Việt Nam (từ thế kỷ XV đến thế kỷ XIX)', 1, 6, '495', 23, 'Nguyễn Văn Chiến', 'Tiếng Việt', 2015, 4, 1),
(1562, 'Vẻ đẹp ngôn ngữ, vẻ đẹp văn chương', 1, 6, '801', 23, 'Lê Xuân Mậu', 'Tiếng Việt', 2015, 4, 1),
(1563, 'Việt ngữ nghiên cứu', 1, 6, '495', 23, 'Phan Khôi', 'Tiếng Việt', 1997, 1, 1),
(1564, 'Xây dựng chủ đề dạy học ca  dao- dân ca Khmer cho học sinh Khmer ở trường Phổ Thông Dân tộc Nội trú', 1, 6, '1000', 25, 'Thạch Thị Oanh Thia', 'Tiếng Việt', 0, 1, 1),
(1565, 'Xây dựng chủ đề dạy học truyền thuyết trong chương trình ngữ văn trung học (lớp 6 và lớp 10)', 1, 6, '1000', 25, 'Nguyễn Thị Bích Tuyền', 'Tiếng Việt', 0, 1, 1),
(1566, 'Xây dựng chủ đề tích hợp trong văn học trung đại Việt Nam từ đầu thế kỷ XIV (Sách giáo khoa ngữ văn 10)', 1, 6, '1000', 25, 'Cao Kiên Hồng Gấm', 'Tiếng Việt', 0, 1, 1),
(1567, 'Xây dựng chương trình ngoại khóa văn học cho học sinh lớp 11 trường THPT tỉnh Trà Vinh', 1, 6, '1000', 25, 'Bùi Thị Thương', 'Tiếng Việt', 0, 1, 1),
(1568, 'Xây dựng hệ thống câu hỏi trong dạy học thể loại tùy bút, ký, truyện ngắn trong chương trình ngữ văn 12', 1, 6, '1000', 25, 'Trần Bảo Quốc', 'Tiếng Việt', 0, 1, 1),
(1569, 'Xây dựng và tổ chức hoạt động ngoại khóa tiếng Việt ở chương trình ngữ văn 11', 1, 6, '1000', 25, 'Lê Thị Bé Tám', 'Tiếng Việt', 0, 1, 1),
(1570, 'Đàm thoại Việt - Khmer', 1, 6, '495', 4, 'Ngô Chân Lý', 'Tiếng Việt', 2015, 9, 1),
(1571, 'Dạy học thơ trữ tình trung đại lớp 10 cho học sinh dân tộc Khmer- Khảo sát trường hợp trường PTDTNT tỉnh Trà Vinh', 1, 6, '1000', 4, 'Thạch Thị Phát', 'Tiếng Việt', 0, 1, 1),
(1572, 'Dạy học truyện dân gian Khmer cho sinh viên trường Đại học Trà Vinh theo hướng tiếp cận liên ngành', 1, 6, '1000', 4, 'Thạch Thị Thanh Loan', 'Tiếng Việt', 0, 1, 1),
(1573, 'Lỗi chính tả của học sinh Khmer bậc THPT - Thực trạng và Giải pháp', 1, 6, '1000', 13, 'Nguyễn Văn Tập', 'Tiếng Việt', 0, 1, 1);
INSERT INTO `sach` (`masach`, `tensach`, `maloai`, `manxb`, `macd`, `mavt`, `tacgia`, `ngonngu`, `namxuatban`, `soban`, `status_sach`) VALUES
(1574, 'Xây dựng hệ thống bài tập từ vựng Khmer cho sinh viên chuyên ngành sư phạm ngữ văn Khmer ở trường Đại học Trà Vinh theo hoạt động giao tiếp', 1, 6, '1000', 25, 'Tăng Văn Thòn', 'Tiếng Việt', 0, 1, 1),
(1575, 'កម្រងឯកសារស្តីពី ប្រពៃណី និង​ ទំនៀមទម្លាប់ខ្មែរ', 1, 6, '390 ', 28, 'មៀច ប៉ុណ្ណ', 'Tiếng Khmer', 1999, 1, 1),
(1576, 'គតិលោក ឬ ច្បាប់​ទូន្មាន​ខ្លួន​ P10', 1, 6, '398 ', 28, 'ឧកញ៉ាសុត្តន្ដប្រីជា ឥន្ទ', 'Tiếng Khmer', 1962, 1, 1),
(1577, 'គតិលោក ឬ ច្បាប់​ទូន្មាន​ខ្លួន​ P9', 1, 6, '398 ', 28, 'ឧកញ៉ាសុត្តន្ដប្រីជា ឥន្ទ', 'Tiếng Khmer', 1962, 1, 1),
(1578, 'គតិលោក ឬ ច្បាប់​ទូន្មាន​ខ្លួន​ P8', 1, 6, '398 ', 28, 'ឧកញ៉ាសុត្តន្ដប្រីជា ឥន្ទ', 'Tiếng Khmer', 1995, 1, 1),
(1579, 'គតិលោក ឬ ច្បាប់​ទូន្មាន​ខ្លួន​ P7', 1, 6, '398 ', 28, 'ឧកញ៉ាសុត្តន្ដប្រីជា ឥន្ទ', 'Tiếng Khmer', 1959, 1, 1),
(1580, 'គតិលោក ឬ ច្បាប់​ទូន្មាន​ខ្លួន​ P6', 1, 6, '398 ', 28, 'ឧកញ៉ាសុត្តន្ដប្រីជា ឥន្ទ', 'Tiếng Khmer', 1959, 1, 1),
(1581, 'គតិលោក ឬ ច្បាប់​ទូន្មាន​ខ្លួន​ P5', 1, 6, '398 ', 28, 'ឧកញ៉ាសុត្តន្ដប្រីជា ឥន្ទ', 'Tiếng Khmer', 1959, 1, 1),
(1582, 'គតិលោក ឬ ច្បាប់​ទូន្មាន​ខ្លួន​ P4', 1, 6, '398 ', 28, 'ឧកញ៉ាសុត្តន្ដប្រីជា ឥន្ទ', 'Tiếng Khmer', 1964, 1, 1),
(1583, 'គតិលោក ឬ ច្បាប់​ទូន្មាន​ខ្លួន​ P3', 1, 6, '398 ', 28, 'ឧកញ៉ាសុត្តន្ដប្រីជា ឥន្ទ', 'Tiếng Khmer', 1966, 1, 1),
(1584, 'គតិលោក ឬ ច្បាប់​ទូន្មាន​ខ្លួន​ P2', 1, 6, '398 ', 28, 'ឧកញ៉ាសុត្តន្ដប្រីជា ឥន្ទ', 'Tiếng Khmer', 1964, 1, 1),
(1585, 'បទានុក្រមធម្មបទ P2', 1, 6, '491', 28, 'ព្រះគ្រូសិរីសោភ័ណ កិមតូរ', 'Tiếng Khmer', 1994, 1, 1),
(1586, 'បទានុក្រមធម្មបទ P3', 1, 6, '491', 28, 'ព្រះគ្រូសិរីសោភ័ណ កិមតូរ', 'Tiếng Khmer', 1994, 1, 1),
(1587, 'បទានុក្រមធម្មបទ P1', 1, 6, '491', 28, 'ព្រះគ្រូសិរីសោភ័ណ កិមតូរ', 'Tiếng Khmer', 1994, 1, 1),
(1588, 'ប្រជុំ​រឿង​ព្រេង​ខ្មែរ​ P2', 1, 6, '398 ', 28, 'Không rõ', 'Tiếng Khmer', 2003, 1, 1),
(1589, 'ប្រជុំ​រឿង​ព្រេង​ខ្មែរ​ P3', 1, 6, '398 ', 28, 'Không rõ', 'Tiếng Khmer', 2003, 1, 1),
(1590, 'ប្រជុំ​រឿង​ព្រេង​ខ្មែរ​ P4', 1, 6, '398 ', 28, 'Không rõ', 'Tiếng Khmer', 2001, 1, 1),
(1591, 'ប្រជុំ​រឿង​ព្រេង​ខ្មែរ​ P7', 1, 6, '398 ', 28, 'Không rõ', 'Tiếng Khmer', 2001, 1, 1),
(1592, 'ប្រជុំ​រឿង​ព្រេង​ខ្មែរ​ P6', 1, 6, '398 ', 28, 'Không rõ', 'Tiếng Khmer', 2001, 1, 1),
(1593, 'ប្រជុំ​រឿង​ព្រេង​ខ្មែរ​ P1', 1, 6, '398 ', 28, 'Không rõ', 'Tiếng Khmer', 2001, 2, 1),
(1594, 'ប្រជុំ​រឿង​ព្រេង​ខ្មែរ​ P5', 1, 6, '398 ', 28, 'Không rõ', 'Tiếng Khmer', 2001, 2, 1),
(1595, 'ប្រជុំ​រឿង​ព្រេង​ខ្មែរ​ P8', 1, 6, '398 ', 28, 'Không rõ', 'Tiếng Khmer', 2003, 2, 1),
(1596, 'ប្រជុំ​រឿង​ព្រេង​ខ្មែរ​ P9', 1, 6, '398 ', 28, 'Không rõ', 'Tiếng Khmer', 2003, 2, 1),
(1597, 'ប្រជុំនិទានជាតក', 1, 6, '1000', 28, 'សុង ស៊ីវ សំ សុខ', 'Tiếng Khmer', 2002, 1, 1),
(1598, 'ប្រវត្តិ​សិល្បៈ​ខ្មែរ​', 1, 6, '700', 28, 'Không rõ', 'Tiếng Khmer', 2002, 1, 1),
(1599, 'របាំប្រជាប្រិយខ្មែរ', 1, 6, '793 ', 28, 'Không rõ', 'Tiếng Khmer', 1964, 2, 1),
(1600, 'វចនានុក្រមខ្មែរ​', 1, 6, '495', 28, 'ពុទ្ធសាសនាបណ្ឌិត្យ', 'Tiếng Khmer', 1967, 1, 1),
(1601, 'សន្ទនា​ ខ្មែរ​ - វៀត​ណាម​', 1, 6, '495', 28, 'Ngô Chân Lý', 'Tiếng Khmer', 2014, 9, 1),
(1602, 'សុភាសិត​ ចម្រៀង​ប្រជាប្រិយ៍​ និង​ពាក្យ​បណ្តៅ​ខ្មែរ​', 1, 6, '398 ', 28, 'Không rõ', 'Tiếng Khmer', 1999, 1, 1),
(1603, 'អក្សរសិល្ប៍ខ្មែរ ឆ្នាំ១៩៧០-៧៥', 1, 6, '895', 28, 'ហាក់ វ៉ាន់ដារ៉ា', 'Tiếng Khmer', 2004, 1, 1),
(1604, 'អក្សរសិល្ប៍ខ្មែរ សតវត្សទី ២០', 1, 6, '895', 28, 'ឃីង ហុក ឌី​ = Khing Hoc Dy', 'Tiếng Khmer', 2007, 1, 1),
(1605, 'អំពី​លំនាំ​សង្ខេប​នៃ​ភ្លេង​ខ្មែរ​', 1, 6, '781 ', 28, 'Không rõ', 'Tiếng Khmer', 1970, 1, 1),
(1606, 'Từ điển Anh - Anh - Việt', 4, 6, '423', 21, 'Không rõ', 'Tiếng Việt', 2016, 1, 1),
(1607, 'Từ điển Anh - Anh - Việt, Việt - Anh', 4, 6, '423', 21, 'Không rõ', 'Tiếng Việt', 2014, 1, 1),
(1608, 'Từ điển bách khoa Việt Nam T4', 4, 6, '039', 21, 'Không rõ', 'Tiếng Việt', 2007, 4, 1),
(1609, 'Từ điển bách khoa Việt Nam T3', 4, 6, '039', 21, 'Không rõ', 'Tiếng Việt', 2007, 3, 1),
(1610, 'Từ điển bách khoa Việt Nam T2', 4, 6, '039', 21, 'Không rõ', 'Tiếng Việt', 2007, 3, 1),
(1611, 'Từ điển bách khoa Việt Nam T1', 4, 6, '039', 21, 'Không rõ', 'Tiếng Việt', 2007, 3, 1),
(1612, 'Từ điển cười', 4, 6, '808', 21, 'Phạm Thiên Thư', 'Tiếng Việt', 2012, 3, 1),
(1613, 'Từ điển đời', 4, 6, '495', 21, 'Phạm Thiên Thư', 'Tiếng Việt', 2013, 3, 1),
(1614, 'Từ điển đơn vị hành chính Việt Nam', 4, 6, '910', 21, 'Lê Hồng Chương', 'Tiếng Việt', 2007, 1, 1),
(1615, 'Từ điển đông y Hán - Việt - Anh ', 4, 6, '610', 21, 'Trần Văn Kỳ', 'Tiếng Việt', 2013, 4, 1),
(1616, 'Từ điển giản yếu tác phẩm văn học', 4, 6, '880', 21, 'Hữu Ngọc', 'Tiếng Việt', 2009, 4, 1),
(1617, 'Tự điển Hán Việt : Hán ngữ cổ đại và hiện đại =', 4, 6, '495', 21, 'Trần Văn Chánh', 'Tiếng Việt', 2013, 2, 1),
(1618, 'Từ điển Lào - Việt', 4, 6, '495', 21, 'Trần Kim Lân', 'Tiếng Việt', 2012, 4, 1),
(1619, 'Từ điển nhân vật lịch sử Việt Nam', 4, 6, '959', 21, 'Nguyễn Q. Thắng; Nguyễn Bá Thế', 'Tiếng Việt', 2013, 3, 1),
(1620, 'Từ điển Pali - Việt Nam', 4, 6, '491', 21, 'Buddhadatta - Mahathera A.P.; Bửu Chơn', 'Tiếng Việt', 1977, 1, 1),
(1621, 'Từ điển thành ngữ và tục ngữ Việt Nam', 4, 6, '495', 21, 'Nguyễn Lân', 'Tiếng Việt', 2015, 3, 1),
(1622, 'Từ điển thành ngữ và tục ngữ Việt Nam', 4, 6, '398 ', 21, 'Nguyễn Lân', 'Tiếng Việt', 2010, 3, 1),
(1623, 'Từ điển tiếng Việt', 4, 6, '495', 21, 'Không rõ', 'Tiếng Việt', 2016, 2, 1),
(1624, 'Từ điển tôn giáo & các thể nghiệm siêu việt', 4, 6, '200', 21, 'Guiley Rosemary Ellen; Nguyễn Kiên Trường', 'Tiếng Việt', 2005, 4, 1),
(1625, 'Từ điển truyện Kiều', 4, 6, '895', 21, 'Đào Duy Anh', 'Tiếng Việt', 2013, 2, 1),
(1626, 'Từ điển từ mới tiếng việt', 4, 6, '495', 21, 'Không rõ', 'Tiếng Việt', 2006, 1, 1),
(1627, 'Từ điển từ ngữ Nam Bộ', 4, 6, '495', 21, 'Huỳnh Công Tín', 'Tiếng Việt', 2009, 3, 1),
(1628, 'Từ điển văn hóa truyền thống các dân tộc Thái - Tày - Nùng', 4, 6, '305 ', 21, 'Nguyễn Thị Việt Thanh; Vương Toàn', 'Tiếng Việt', 2015, 3, 1),
(1629, 'Từ điển Việt Nam', 4, 6, '495', 21, 'Nguyễn Tôn Nhan; Phú Văn Hẳn; Viện Hàn lâm Khoa học xã hội Việt Nam', 'Tiếng Việt', 2016, 3, 1),
(1630, 'Từ điển Khmer - Việt', 4, 6, '495', 21, 'Không rõ', 'Tiếng Việt', 2019, 2, 1),
(1631, 'Từ điển Việt - Khmer', 4, 6, '495', 21, 'Không rõ', 'Tiếng Việt', 2019, 2, 1),
(1632, 'Tự học chữ Khmer', 4, 6, '495', 21, 'Ngô Chân Lý', 'Tiếng Việt', 2015, 9, 1),
(1633, 'Từ vựng Khmer - Việt', 4, 6, '495', 21, 'Ngô Chân Lý', 'Tiếng Việt', 2013, 4, 1),
(1634, 'Từ vựng Việt - Khmer', 4, 6, '495', 21, 'Ngô Chân lý', 'Tiếng Việt', 2014, 9, 1),
(1635, 'Từ điển văn học phổ thông', 4, 6, '808', 21, 'Đăng Trường', 'Tiếng Việt', 2010, 4, 1),
(1636, 'Từ điển bách khoa Việt Nam - Tập 4 : T - Z', 4, 6, '039', 21, 'Không rõ', 'Tiếng Việt', 2005, 3, 1),
(1637, 'Từ điển bách khoa Việt Nam : A-Đ', 4, 6, '039', 21, 'Không rõ', 'Tiếng Việt', 2007, 2, 1),
(1638, 'Từ điển bách khoa Việt Nam : E-M', 4, 6, '039', 21, 'Không rõ', 'Tiếng Việt', 2007, 3, 1),
(1639, 'Từ điển bách khoa Việt Nam : N-S', 4, 6, '039', 21, 'Không rõ', 'Tiếng Việt', 2007, 3, 1),
(1640, 'Từ điển tôn giáo & các thể nghiệm siêu việt', 4, 6, '200', 21, 'Guiley Rosemary Ellen', 'Tiếng Việt', 2005, 1, 1),
(1641, 'Từ điển Việt Nam', 4, 6, '495', 21, 'Nguyễn Tôn Nhan', 'Tiếng Việt', 2016, 3, 1),
(1642, 'Âm Nhạc Dân Gian Thái Tây Bắc', 1, 6, '1000', 1, 'Không rõ', 'Tiếng Việt', 0, 1, 1),
(1643, 'Âm Nhac Trong Lễ Hội Truyền Thống Của Người Việt Xứ Thanh', 1, 6, '1000', 1, 'Không rõ', 'Tiếng Việt', 0, 1, 1),
(1644, 'Ảnh hưởng', 1, 6, '230', 1, 'Không rõ', 'Tiếng Việt', 2011, 4, 1),
(1645, 'Hát Đúm Ở Quãng Ninh', 1, 6, '1000', 8, 'Không rõ', 'Tiếng Việt', 0, 1, 1),
(1646, 'Hát hội, đờn ca tài tử và cải lương', 1, 6, '792', 8, 'Nguyễn Lê Tuyên; Nguyễn Đức Hiệp', 'Tiếng Việt', 2013, 1, 1),
(1647, 'Hát Trống Quân Ở Xã Thúc Kháng, Huyện Bình Giang, Tỉnh Hải Dương', 1, 6, '1000', 8, 'Không rõ', 'Tiếng Việt', 0, 1, 1),
(1648, 'Hát Ví Đúm Của Người Mường Ở Mường Bi', 1, 6, '1000', 8, 'Không rõ', 'Tiếng Việt', 0, 1, 1),
(1649, 'Hoá trang mặt nạ sân khấu tuồng', 1, 6, '792', 8, 'Đoàn Thị Tình', 'Tiếng Việt', 2014, 2, 1),
(1650, 'Ký hoạ về Đông Dương Nam Kỳ', 1, 6, '759 ', 12, 'Không rõ', 'Tiếng Việt', 2015, 2, 1),
(1651, 'Món ngon ngày thường và lễ tết', 1, 6, '641', 14, 'Lâm Phương Vũ; Nguyễn Trần Hùng', 'Tiếng Việt', 2015, 4, 1),
(1652, 'Mỹ thuật hiện đại Việt Nam', 1, 6, '709 ', 14, 'Không rõ', 'Tiếng Việt', 2010, 2, 1),
(1653, 'Nghề dệt, nghề thêu cổ truyền Việt Nam', 1, 6, '746 ', 15, 'Bùi Văn Vượng', 'Tiếng Việt', 2010, 14, 1),
(1654, 'Nghề giấy dó, tranh dân gian Việt Nam', 1, 6, '676', 15, 'Bùi Văn Vượng', 'Tiếng Việt', 2010, 14, 1),
(1655, 'Nghề kim hoàn, ngọc, sản xuất vàng truyền thống, kinh doanh đồ cổ Việt Nam', 1, 6, '739', 15, 'Bùi Văn Vượng', 'Tiếng Việt', 2010, 14, 1),
(1656, 'Nghề mây tre đan, nghề dệt chiếu, dệt thảm, làm quạt giấy cổ truyền Việt Nam', 1, 6, '680', 15, 'Bùi Văn Vượng', 'Tiếng Việt', 2010, 14, 1),
(1657, 'Nghệ thuật', 1, 6, '230', 15, 'Không rõ', 'Tiếng Việt', 2011, 4, 1),
(1658, 'Nghề Và Làng Nghề Thủ Công Ở Thái Bình', 1, 6, '1000', 15, 'Không rõ', 'Tiếng Việt', 0, 1, 1),
(1659, 'Nghề Và Làng Nghề Truyền Thống Việt Nam (Q1)', 1, 6, '1000', 15, 'Không rõ', 'Tiếng Việt', 0, 1, 1),
(1660, 'Nhạc Lễ Dân Gian Người Việt Ở Nam Bộ', 1, 6, '1000', 15, 'Không rõ', 'Tiếng Việt', 0, 1, 1),
(1661, 'Ba trăm   300 tắc thiền ngữ', 1, 6, '294', 2, 'Chung Học Tử; Thông Thiền Viện Nghiên cứu Phập học Việt Nam', 'Tiếng Việt', 2014, 4, 1),
(1662, 'Bên ngoài tôn giáo', 1, 6, '294', 2, 'Dalai Lama Trần; Ngọc Bảo', 'Tiếng Việt', 2015, 4, 1),
(1663, 'Bồ Đề Đạt Ma đại thủ sư thiền tông', 1, 6, '294', 2, 'Thích Trúc Thông Quảng', 'Tiếng Việt', 2015, 4, 1),
(1664, 'Bước đi như Phật', 1, 6, '294', 2, 'Rinzler Lodro; Thái An', 'Tiếng Việt', 2014, 4, 1),
(1665, 'Bước vào thế giới Hồi giáo', 1, 6, '297', 2, 'Naipaul V. S.; Nguyễn Văn Lâm', 'Tiếng Việt', 2010, 12, 1),
(1666, 'Chắp tay lạy người', 1, 6, '294', 3, 'Nguyên Minh', 'Tiếng Việt', 2012, 4, 1),
(1667, 'Cơ sở khoa học của thiền chánh niệm', 1, 6, '204', 3, 'Phạm Văn Minh', 'Tiếng Việt', 2014, 4, 1),
(1668, 'Con đường chuyển hoá', 1, 6, '294', 3, 'Không rõ', 'Tiếng Việt', 2015, 4, 1),
(1669, 'Con đường dẫn đến Phật quả', 1, 6, '294', 3, 'Tulku Ringu; Thanh Liên Dhiarmada; Briona Nic Jones; Maggy Segers; Corinne', 'Tiếng Việt', 2015, 4, 1),
(1670, 'Cuộc đời Hoằng Pháp của Đức Phật', 1, 6, '294', 3, 'Không rõ', 'Tiếng Việt', 2014, 4, 1),
(1671, 'Đại bảo tháp Mandala Tây Thiên', 1, 6, '294', 4, 'Drukpa Việt Nam', 'Tiếng Việt', 2015, 4, 1),
(1672, 'Đại Bát Niết Bàn - Kinh Huyền nghĩa', 1, 6, '294', 4, 'Quán Đảnh Ma Viên Diệu', 'Tiếng Việt', 2012, 4, 1),
(1673, 'Dẫn luận về Ấn Độ giáo', 1, 6, '297', 4, 'Knott Kim; Thái An', 'Tiếng Việt', 2016, 9, 1),
(1674, 'Dẫn luận về Do Thái Giáo', 1, 6, '296', 4, 'Solomon Norman; Lưu Huyền', 'Tiếng Việt', 2016, 5, 1),
(1675, 'Dẫn luận về Hồi giáo', 1, 6, '297', 4, 'Ruthven Malise; Thái An', 'Tiếng Việt', 2016, 8, 1),
(1676, 'Dẫn luận về Kitô giáo', 1, 6, '230', 4, 'Woodhead Linda; Nguyễn Tiến Văn', 'Tiếng Việt', 2016, 9, 1),
(1677, 'Dẫn luận về Nho giáo', 1, 6, '297', 4, 'Gardner Daniel K.; Thành Khang; Lê Tiến Thành', 'Tiếng Việt', 2016, 8, 1),
(1678, 'Dẫn luận về Phật giáo', 1, 6, '269', 4, 'Keown Damien; Thái An', 'Tiếng Việt', 2013, 3, 1),
(1679, 'Đạo giáo', 1, 6, '299', 4, 'Nguyễn Mạnh Cường', 'Tiếng Việt', 2012, 14, 1),
(1680, 'Đạo Hồi', 1, 6, '297', 4, 'Nguyễn Bình', 'Tiếng Việt', 2012, 9, 1),
(1681, 'Đạo lý luân hồi', 1, 6, '294', 4, 'Thích Thiên Siêu', 'Tiếng Việt', 2015, 4, 1),
(1682, 'Đạo lý nhà Phật', 1, 6, '294', 4, 'Đoàn Trung Còn', 'Tiếng Việt', 2013, 4, 1),
(1683, 'Đạo tin lành tri thức cơ bản', 1, 6, '280', 4, 'Phạm Gia Thoan', 'Tiếng Việt', 2012, 4, 1),
(1684, 'Điều gì khiến chúng ta hiện hữu trên đời?', 1, 6, '294', 4, 'Takamori Kentetsu; Akehashi Daiji; Ito Kentaro; Nguyễn Tiến Văn', 'Tiếng Việt', 2015, 4, 1),
(1685, 'Đức Phật & thời gian', 1, 6, '294', 4, 'Surya Das Chương Ngọc', 'Tiếng Việt', 2013, 4, 1),
(1686, 'Đức Phật trong tấm gương của bạn', 1, 6, '294', 4, 'Hochswender Woody; Martin Greg; Morino Tad; Tiến Thành', 'Tiếng Việt', 2014, 4, 1),
(1687, 'Đức phật và phật pháp', 1, 6, '294', 4, 'Thera Narada Maha; Phạm Kim Khánh', 'Tiếng Việt', 2005, 1, 1),
(1688, 'Đường đến an bình thật sự', 1, 6, '294', 4, 'Đạt Lai Lạt Ma Singh; Renuka Tuệ Uyển', 'Tiếng Việt', 2014, 4, 1),
(1689, 'Đường đến cuộc cách mạng tâm thức', 1, 6, '294', 4, 'Phonlop Dzogchen; Thái An', 'Tiếng Việt', 2015, 4, 1),
(1690, 'Duyên', 1, 6, '294', 4, 'Bạch Lạc Mai; Tố Hinh', 'Tiếng Việt', 2015, 4, 1),
(1691, 'Giá trị tư tưởng tôn giáo phương Đông và những ảnh hưởng ở Việt Nam', 1, 6, '200', 7, 'Nguyễn Duy Hinh; Lê Đức Hạnh', 'Tiếng Việt', 2014, 4, 1),
(1692, 'Giáo trình Phật học', 1, 6, '294', 7, 'San Chan Khoon; Lê Kim Kha', 'Tiếng Việt', 2013, 4, 1),
(1693, 'Giáo trình tôn giáo học', 1, 6, '200', 7, 'Trần Đăng Sinh; Đào Đức Doãn', 'Tiếng Việt', 2014, 4, 1),
(1694, 'Hào quang tự nhiên', 1, 6, '294', 8, 'Surya Das Thái An', 'Tiếng Việt', 2014, 4, 1),
(1695, 'Hiệu ứng hoa sen', 1, 6, '294', 8, 'Somov Pavel G.; Thành Khang ; Nguyễn Hồng', 'Tiếng Việt', 2014, 4, 1),
(1696, 'Làm chủ vận mạng', 1, 6, '294', 13, 'Thích Hải Đào; Đạo Quang Nguyễn; Minh Tiến', 'Tiếng Việt', 2014, 9, 1),
(1697, 'Lão Tử tinh hoa', 1, 6, '181', 13, 'Nguyễn Duy Cần', 'Tiếng Việt', 2013, 3, 1),
(1698, 'Lịch sử giáo lý tịnh độ Trung Quốc', 1, 6, '294', 13, 'Vọng Nguyệt Tín Hanh Ấn Hải; Giới Niệm Định Huệ', 'Tiếng Việt', 2014, 4, 1),
(1699, 'Lịch sử nhà Phật', 1, 6, '294', 13, 'Đoàn Trung Còn', 'Tiếng Việt', 2015, 4, 1),
(1700, 'Liễu ngộ Phật pháp qua thành ngữ Phật học', 1, 6, '294', 13, 'Phạm Hiểu Thanh; Nhậm Ngọc Mai; Trương Hồng Vũ; Nguyện Liên Huệ Liên', 'Tiếng Việt', 2011, 4, 1),
(1701, 'Linh quang hé lộ', 1, 6, '294', 13, 'Kongtrul Dzigar; Nguyễn Quyết Thắng', 'Tiếng Việt', 2014, 9, 1),
(1702, 'Lời vàng của Chúa', 1, 6, '230', 13, 'Holmes Ernest; Kiến Văn Thùy Trang', 'Tiếng Việt', 2011, 1, 1),
(1703, 'Mối quan hệ giữa nhà nước và giáo hội phật giáo Việt Nam', 1, 6, '294', 14, 'Nguyễn Tất Đạt', 'Tiếng Việt', 2011, 4, 1),
(1704, 'Một số vấn đề tôn giáo Mỹ đương đại', 1, 6, '200', 14, 'Lê Đình Cúc; Viện Hàn lâm Khoa học xã hội Việt Nam', 'Tiếng Việt', 2014, 4, 1),
(1705, 'Môt trăm lời khuyên dạy', 1, 6, '294', 14, 'Rinpoche Dilgo Khyentse; Sangye Padampa; Thanh Liên', 'Tiếng Việt', 2014, 4, 1),
(1706, 'Mùa xuân vĩnh cửu', 1, 6, '294', 14, 'Từ An', 'Tiếng Việt', 2013, 4, 1),
(1707, 'Ngàn năm bóng nước sông Hằng', 1, 6, '294', 15, 'Trí Không Nguyễn; Minh Tiến', 'Tiếng Việt', 2011, 4, 1),
(1708, 'Ngộ...', 1, 6, '616', 15, 'Tôn Thất Nguyễn Thiêm', 'Tiếng Việt', 2015, 4, 1),
(1709, 'Ngữ lục của thiền sư Phật Nhãn', 1, 6, '294', 15, 'Không rõ', 'Tiếng Việt', 2014, 4, 1),
(1710, 'Những điển tích Phật giáo kỳ thú', 1, 6, '294', 15, 'Tiêu Túc; Lê Minh Hoàng; Văn Giáp ; Trần Văn Quyền', 'Tiếng Việt', 2015, 4, 1),
(1711, 'Những lời dạy từ các thiền sư Việt Nam xưa', 1, 6, '294', 15, 'Không rõ', 'Tiếng Việt', 2016, 4, 1),
(1712, 'Những nét văn hoá đạo Phật', 1, 6, '294', 15, 'Phụng Sơn', 'Tiếng Việt', 2015, 4, 1),
(1713, 'Nữ giới phật giáo Việt Nam truyền thống và hiện đại', 1, 6, '294', 15, 'Không rõ', 'Tiếng Việt', 2016, 2, 1),
(1714, 'Phật giáo tri thức cơ bản', 1, 6, '294', 17, 'Nguyễn Quốc Tuấn; Nguyễn Văn Quý; Nguyễn Văn Thanh', 'Tiếng Việt', 2012, 11, 1),
(1715, 'Phật giáo trong dòng lịch sử, văn hóa Lào', 1, 6, '294', 17, 'Trần Quang Thuận', 'Tiếng Việt', 2015, 3, 1),
(1716, 'Phật học tinh hoa', 1, 6, '294', 17, 'Nguyễn Duy Cần', 'Tiếng Việt', 2014, 7, 1),
(1717, 'Phật Pháp trong đời sống', 1, 6, '294', 17, 'Tâm Diệu', 'Tiếng Việt', 2014, 4, 1),
(1718, 'Phật viện Đồng Dương - Một phong cách của nghệ thuật Champa', 1, 6, '294', 17, 'Ngô Văn Doanh', 'Tiếng Việt', 2015, 4, 1),
(1719, 'Quan niệm của Phật giáo đối với các vấn đề xã hội quan tâm', 1, 6, '294', 18, 'Ấn Thuận Đạo Quang', 'Tiếng Việt', 2014, 4, 1),
(1720, 'Rộng mở trái tim từ bi', 1, 6, '294', 19, 'Đạt Lai Lạt Ma', 'Tiếng Việt', 2014, 4, 1),
(1721, 'Sống đẹp giữa thế gian đầy biến động', 1, 6, '294', 20, 'Chödrön Pema; Chương Ngọc', 'Tiếng Việt', 2015, 4, 1),
(1722, 'Tâm', 1, 6, '294', 21, 'Nguyễn Đình Cửu', 'Tiếng Việt', 2014, 4, 1),
(1723, 'Tâm lý Phật giáo trong Tây du ký', 1, 6, '294', 21, 'Thích Thiện Siêu', 'Tiếng Việt', 2005, 4, 1),
(1724, 'Tây Tạng huyền bí', 1, 6, '294', 21, 'Lobsang Rampa Lạt-ma; Nguyễn Hữu Kiệt; Nguyễn Minh Tiến', 'Tiếng Việt', 2016, 4, 1),
(1725, 'Tay thầy trong tay con', 1, 6, '294', 21, 'Thích Nhất Hạnh', 'Tiếng Việt', 2015, 4, 1),
(1726, 'Thầy minh triết, trò trí huệ', 1, 6, '294', 21, 'Berzin Alexander; Nguyễn Quyết Thắng', 'Tiếng Việt', 2013, 4, 1),
(1727, 'Thiền định & mantra', 1, 6, '181', 21, 'Devananda Swami Vishnu; Sitarmanda Swami', 'Tiếng Việt', 2015, 4, 1),
(1728, 'Thiền đốn ngộ và những lời dạy từ các thiền sư Việt Nam xưa', 1, 6, '294', 21, 'Nguyên Giác', 'Tiếng Việt', 2014, 5, 1),
(1729, 'Tinh hoa và sự phát triển của đạo Phật', 1, 6, '294', 21, 'Conze Edward; Nguyễn Hữu Hiệu', 'Tiếng Việt', 2015, 4, 1),
(1730, 'Tôn giáo - lý luận xưa và nay', 1, 6, '200', 21, 'Không rõ', 'Tiếng Việt', 2005, 4, 1),
(1731, 'Tôn giáo học nhập môn', 1, 6, '200', 21, 'Đỗ Minh Hợp; Bùi Thanh Phương; Nguyễn Công Oánh', 'Tiếng Việt', 2009, 4, 1),
(1732, 'Tôn giáo Mỹ và việc sử dụng vấn đề tôn giáo trong chính sách đối ngoại Mỹ thời kỳ sau chiến tranh', 1, 6, '200', 21, 'Không rõ', 'Tiếng Việt', 2014, 4, 1),
(1733, 'Tôn giáo trong đời sống văn hoá Đông Nam Á', 1, 6, '200', 21, 'Trương Sỹ Hùng', 'Tiếng Việt', 2010, 9, 1),
(1734, 'Tôn giáo trong văn hóa Việt Nam', 1, 6, '306 ', 21, 'Nguyễn Hồng Dương', 'Tiếng Việt', 2013, 4, 1),
(1735, 'Triết lý nhà Phật', 1, 6, '294', 21, 'Đoàn Trung Còn', 'Tiếng Việt', 2014, 4, 1),
(1736, 'Trở về yên lặng', 1, 6, '294', 21, 'Katagiri Dainin; Thái An', 'Tiếng Việt', 2014, 4, 1),
(1737, 'Truyền thuyết về Bồ Tát Quán Thế Âm', 1, 6, '294', 21, 'Không rõ', 'Tiếng Việt', 2015, 4, 1),
(1738, 'Truyện tranh Đức Phật Thích Ca từ sơ sanh đến xuất gia', 1, 6, '294', 21, 'Nguyễn Phước Minh Mẫn', 'Tiếng Việt', 2014, 4, 1),
(1739, 'Tu là cội phúc', 1, 6, '294', 21, 'Nguyễn Tuệ Chân; Huyền Cơ', 'Tiếng Việt', 2012, 2, 1),
(1740, 'Tự tại giữa vô thường', 1, 6, '294', 21, 'Chodron Pema; Sell Emily Hilburn; Lê Bích Hồng', 'Tiếng Việt', 2015, 4, 1),
(1741, 'Tư tưởng Tôn giáo - Triết học trong văn học Ấn Độ thời kì cổ - trung đại', 1, 6, '891 ', 21, 'Nguyễn Thị Mai Liên', 'Tiếng Việt', 2014, 3, 1),
(1742, 'Văn khấn cổ truyền', 1, 6, '294', 23, 'Thích Thanh Tâm; Thích Minh Đạt', 'Tiếng Việt', 2014, 4, 1),
(1743, 'Vượt thoát vô minh', 1, 6, '294', 23, 'Trungpa Chogyam; Thế Anh', 'Tiếng Việt', 2015, 4, 1),
(1744, 'Phật giáo Nam tông trong văn hóa Khmer Nam Bộ', 1, 7, '1000', 17, 'Trang Thiếu Hùng', 'Tiếng Việt', 2019, 2, 1),
(1745, 'Lịch sử báo chí cách mạng Việt Nam', 1, 7, '1000', 13, 'Đỗ Hoàng Linh; Nguyễn Thu Hằng; Đổ Xuân Tuất', 'Tiếng Việt', 2015, 2, 1),
(1746, 'Văn hóa ẩm thực của người Việt Đồng bằng Sông Cửu Long', 1, 8, '1000', 23, 'Trần Phong Điều', 'Tiếng Việt', 2014, 1, 1);

-- --------------------------------------------------------

--
-- Cấu trúc bảng cho bảng `taikhoan`
--

CREATE TABLE `taikhoan` (
  `matk` int(11) NOT NULL,
  `username` varchar(255) DEFAULT NULL,
  `matkhau` varchar(255) DEFAULT NULL,
  `quyenhan` tinyint(4) NOT NULL DEFAULT 0,
  `email` varchar(255) DEFAULT NULL,
  `status_taikhoan` tinyint(1) NOT NULL DEFAULT 1
) ENGINE=InnoDB DEFAULT CHARSET=utf8mb3 COLLATE=utf8mb3_general_ci;

--
-- Đang đổ dữ liệu cho bảng `taikhoan`
--

INSERT INTO `taikhoan` (`matk`, `username`, `matkhau`, `quyenhan`, `email`, `status_taikhoan`) VALUES
(1, 'ngothanhquyen', '$2y$10$5pVtKMg7L2lEx2fiJqlgWewd4/eCMnkoJKkA2XikTD0l7xGKxVube', 0, 'ngothanhquyen.tvii@gmail.com', 1),
(2, 'nkb2003', '123\r\n', 0, 'hoangthuongn579@gmail.com', 1),
(5, 'Hoang Le', '123', 0, 'leh16804@gmail.com', 1),
(7, 'hacmeo00@gmail.com', '123\r\n', 0, 'hacmeo00@gmail.com', 1),
(40, '110421194', '110421194', 0, '110421194@st.tvu.edu.vn', 1),
(41, '110421204', '110421204', 0, '110421204@st.tvu.edu.vn', 1),
(42, '110421004', '110421004', 0, '110421004@st.tvu.edu.vn', 1),
(43, '110421005', '110421005', 0, '110421005@st.tvu.edu.vn', 1),
(44, '110421015', '110421015', 0, '110421015@st.tvu.edu.vn', 1),
(45, '110421017', '110421017', 0, '110421017@st.tvu.edu.vn', 1),
(46, '110421152', '110421152', 0, '110421152@st.tvu.edu.vn', 1),
(47, '110421018', '110421018', 0, '110421018@domain.com', 1),
(48, '110421021', '110421021', 0, '110421021@st.tvu.edu.vn', 1),
(49, '110421019', '110421019', 0, '110421019@st.tvu.edu.vn', 1),
(50, '110421153', '110421153', 0, '110421153@st.tvu.edu.vn', 1),
(51, '110421260', '110421260', 0, '110421260@st.tvu.edu.vn', 1),
(52, '110421029', '110421029', 0, '110421029@st.tvu.edu.vn', 1),
(53, '110421171', '110421171', 0, '110421171@st.tvu.edu.vn', 1),
(54, '110421033', '110421033', 0, '110421033@st.tvu.edu.vn', 1),
(55, '110421244', '110421244', 0, '110421244@st.tvu.edu.vn', 1),
(56, '110421198', '110421198', 0, '110421198@st.tvu.edu.vn', 1),
(57, '110421172', '110421172', 0, '110421172@st.tvu.edu.vn', 1),
(58, '110421052', '110421052', 0, '110421052@st.tvu.edu.vn', 1),
(59, '110421175', '110421175', 0, '110421175@st.tvu.edu.vn', 1),
(60, '110421066', '110421066', 0, '110421066@st.tvu.edu.vn', 1),
(61, '110421162', '110421162', 0, '110421162@st.tvu.edu.vn', 1),
(62, '110421072', '110421072', 0, '110421072@st.tvu.edu.vn', 1),
(63, '110421078', '110421078', 0, '110421078@st.tvu.edu.vn', 1),
(64, '110421080', '110421080', 0, '110421080@st.tvu.edu.vn', 1),
(65, '110421159', '110421159', 0, '110421159@st.tvu.edu.vn', 1),
(66, '110421081', '110421081', 0, '110421081@st.tvu.edu.vn', 1),
(67, '110421092', '110421092', 0, '110421092@st.tvu.edu.vn', 1),
(68, '110421102', '110421102', 0, '110421102@st.tvu.edu.vn', 1),
(69, '110421209', '110421209', 0, '110421209@st.tvu.edu.vn', 1),
(70, '110421106', '110421106', 0, '110421106@st.tvu.edu.vn', 1),
(71, '110421229', '110421229', 0, '110421229@st.tvu.edu.vn', 1),
(72, '123', '123', 0, 'hle881066@gmail.com', 1),
(77, 'lethingochan227tv', '123', 0, 'lethingochan227tv@gmail.com', 1),
(78, 'hieutran789tv', '110123258', 0, 'hieutran789tv@gmail.com', 1),
(79, 'truonghoangmai02012002', '110123260', 0, 'truonghoangmai02012002@gmail.com', 1),
(80, 'levuduyphuong1006', '110123161', 0, 'levuduyphuong1006@gmail.com', 1),
(81, 'hoangquidavid', '110123257', 0, 'hoangquidavid@gmail.com', 1),
(82, 'bestquocnguyen', '110123163', 0, 'bestquocnguyen@gmail.com', 1),
(83, 'tranhoangsangtravinh', '110123168', 0, 'tranhoangsangtravinh@gmail.com', 1),
(84, 'son93392', '110123169', 0, 'son93392@gmail.com', 1),
(85, 'taidinh.527497', '110123170', 0, 'taidinh.527497@gmail.com', 1),
(86, 'minhtaimc2022', '110123171', 0, 'minhtaimc2022@gmail.com', 1),
(87, 'thachkimtaitvh', '110123172', 0, 'thachkimtaitvh@gmail.com', 1),
(88, 'Taidz911', '110123173', 0, 'Taidz911@gmail.com', 1),
(89, 'ltam54127', '110123174', 0, 'ltam54127@gmail.com', 1),
(90, 'dtan8842', '110123259', 0, 'dtan8842@gmail.com', 1),
(91, 'thienthachhvbn', '110123256', 0, 'thienthachhvbn@gmail.com', 1),
(92, 'thienkoi936', '110123180', 0, 'thienkoi936@gmail.com', 1),
(93, 'nguyenthanhthinh078', '110123181', 0, 'nguyenthanhthinh078@gmail.com', 1),
(94, 'phamtrithuc393939', '110123178', 0, 'phamtrithuc393939@gmail.com', 1),
(95, 'Tienhuu776', '110123185', 0, 'Tienhuu776@gmail.com', 1),
(96, 'trantrungtintv2021', '110123186', 0, 'trantrungtintv2021@gmail.com', 1),
(97, 'toancao436', '110123187', 0, 'toancao436@gmail.com', 1),
(98, 'toantruong926', '110123188', 0, 'toantruong926@gmail.com', 1),
(99, 'tram0816292918', '110123191', 0, 'tram0816292918@gmail.com', 1),
(100, 'trinh0366101955', '110123195', 0, 'trinh0366101955@gmail.com', 1),
(101, 'kttmm841', '110123197', 0, 'kttmm841@gmail.com', 1),
(102, 'hangvuzxjv', '110123203', 0, 'hangvuzxjv@gmail.com', 1),
(103, 'tranlelanvytvh11', '110123204', 0, 'tranlelanvytvh11@gmail.com', 1),
(104, '110120006', '110120006', 0, '110120006@st.tvu.edu.vn', 1),
(105, '110123261', '110123261', 0, '110123261@st.tvu.edu.vn', 1),
(106, '110120047', '110120047', 0, '110120047@st.tvu.edu.vn', 1),
(107, '110123264', '110123264', 0, '110123264@st.tvu.edu.vn', 1),
(108, 'ttphucminh2005', '110123263', 0, 'ttphucminh2005@gmail.com', 1),
(109, 'dfat0612', '110123154', 0, 'dfat0612@gmail.com', 1),
(110, 'tphatss0605', '110123262', 0, 'tphatss0605@gmail.com', 1),
(111, 'Votanphathtt2005', '110123155', 0, 'Votanphathtt2005@gmail.com', 1),
(112, 'phutrn16', '110123157', 0, 'phutrn16@gmail.com', 1),
(113, 'huynhphuc12122000', '110123159', 0, 'huynhphuc12122000@gmail.com', 1),
(114, 'thanhphucphan54', '110123160', 0, 'thanhphucphan54@gmail.com', 1),
(115, 'mjnhquang357', '110123162', 0, 'mjnhquang357@gmail.com', 1),
(116, 'thanhsang9613', '110123166', 0, 'thanhsang9613@gmail.com', 1),
(117, '110123167', '110123167', 0, '110123167@st.tvu.edu.vn', 1),
(118, 'thanchery03', '110123177', 0, 'thanchery03@gmail.com', 1),
(119, 'hoangthien0343145069', '110123179', 0, 'hoangthien0343145069@gmail.com', 1),
(120, 'huynhthiphuongthuy0905', '110123183', 0, 'huynhthiphuongthuy0905@gmail.com', 1),
(121, '110123184', '110123184', 0, '110123184@st.tvu.edu.vn', 1),
(122, 'ngothanhtratv', '110123189', 0, 'ngothanhtratv@gmail.com', 1),
(123, 'tranpham857341', '110123192', 0, 'tranpham857341@gmail.com', 1),
(124, 'nguyentranphuonguyen11', '110123198', 0, 'nguyentranphuonguyen11@gmail.com', 1),
(125, 'a9phamquocven', '110123201', 0, 'a9phamquocven@gmail.com', 1),
(126, 'trieuvi180403', '110123199', 0, 'trieuvi180403@gmail.com', 1),
(127, 'phamthinhuy788325', '110123205', 0, 'phamthinhuy788325@gmail.com', 1),
(269, 'nguyenhoangthuong825', '12345678', 1, 'nguyenhoangthuong825@gmail.com', 1),
(270, 'nguyenthimytran0814@gmail.com', '12345678', 0, 'nguyenthimytran0814@gmail.com', 1),
(273, 'nhiemnb', '14204', 0, 'nhiemnb@tvu.edu.vn', 1),
(274, 'diemhanh_tvu', '12705', 0, 'diemhanh_tvu@tvu.edu.vn', 1),
(275, 'annb', '00245', 0, 'annb@tvu.edu.vn', 1),
(276, 'oane', '00053', 0, 'oane@tvu.edu.vn', 1),
(277, 'thiennhd', '00241', 0, 'thiennhd@tvu.edu.vn', 1),
(278, 'vankhanh', '00242', 0, 'vankhanh@tvu.edu.vn', 1),
(279, 'hvthanh', '00243', 0, 'hvthanh@tvu.edu.vn', 1),
(280, 'ngocdanthanhdt', '00246', 0, 'ngocdanthanhdt@tvu.edu.vn', 1),
(281, 'phattai', '12702', 0, 'phattai@tvu.edu.vn', 1),
(282, 'duongminh', '00248', 0, 'duongminh@tvu.edu.vn', 1),
(283, 'hattvi201084', '00249', 0, 'hattvi201084@tvu.edu.vn', 1),
(284, 'vothanhc', '00250', 0, 'vothanhc@tvu.edu.vn', 1),
(285, 'tqviettv', '00251', 0, 'tqviettv@tvu.edu.vn', 1),
(286, 'tramhoangnam', '00252', 0, 'tramhoangnam@tvu.edu.vn', 1),
(287, 'phuocmien', '00253', 0, 'phuocmien@tvu.edu.vn', 1),
(288, 'huyngocntt', '00254', 0, 'huyngocntt@tvu.edu.vn', 1),
(289, 'pttmai', '00255', 0, 'pttmai@tvu.edu.vn', 1),
(290, 'nkquoc', '03562', 0, 'nkquoc@tvu.edu.vn', 1),
(291, 'lmtu', '03539', 0, 'lmtu@tvu.edu.vn', 1),
(292, 'ptpnam', '03546', 0, 'ptpnam@tvu.edu.vn', 1),
(293, 'hientvu', '00257', 0, 'hientvu@tvu.edu.vn', 1),
(294, 'lamnn', '00244', 0, 'lamnn@tvu.edu.vn', 1);

-- --------------------------------------------------------

--
-- Cấu trúc bảng cho bảng `thanhtoan`
--

CREATE TABLE `thanhtoan` (
  `mathanhtoan` int(11) NOT NULL,
  `maphat` int(11) NOT NULL,
  `ngaythanhtoan` date NOT NULL,
  `sotien` decimal(12,2) NOT NULL,
  `phuongthucthanhtoan` enum('tien_mat','momo') DEFAULT 'tien_mat',
  `trang_thai_thanh_toan` enum('cho_xu_ly','da_thanh_toan','that_bai') DEFAULT 'cho_xu_ly',
  `transId` varchar(50) DEFAULT NULL,
  `trang_thai_tt` tinyint(4) DEFAULT 1,
  `orderId` varchar(100) DEFAULT NULL
) ENGINE=InnoDB DEFAULT CHARSET=utf8mb3 COLLATE=utf8mb3_general_ci;

--
-- Đang đổ dữ liệu cho bảng `thanhtoan`
--

INSERT INTO `thanhtoan` (`mathanhtoan`, `maphat`, `ngaythanhtoan`, `sotien`, `phuongthucthanhtoan`, `trang_thai_thanh_toan`, `transId`, `trang_thai_tt`, `orderId`) VALUES
(9, 5, '2025-06-08', '80000.00', 'momo', 'da_thanh_toan', '4504867011', 1, NULL),
(10, 6, '2025-06-03', '320000.00', 'tien_mat', 'da_thanh_toan', NULL, 1, NULL),
(12, 8, '2025-06-13', '60000.00', 'tien_mat', 'da_thanh_toan', NULL, 1, NULL),
(13, 9, '2025-07-04', '2160000.00', 'momo', 'cho_xu_ly', NULL, 1, NULL),
(14, 9, '2025-07-04', '2160000.00', 'momo', 'cho_xu_ly', NULL, 1, NULL),
(15, 9, '2025-07-04', '2160000.00', 'momo', 'cho_xu_ly', NULL, 1, NULL),
(16, 9, '2025-07-04', '2160000.00', 'momo', 'da_thanh_toan', '4533348468', 1, 'PHAT9_1751622954_9d870191');

-- --------------------------------------------------------

--
-- Cấu trúc bảng cho bảng `vitri`
--

CREATE TABLE `vitri` (
  `mavt` int(11) NOT NULL,
  `ngan` varchar(50) DEFAULT NULL,
  `mota` varchar(255) DEFAULT NULL,
  `status_vitri` tinyint(1) NOT NULL DEFAULT 1
) ENGINE=InnoDB DEFAULT CHARSET=utf8mb3 COLLATE=utf8mb3_general_ci;

--
-- Đang đổ dữ liệu cho bảng `vitri`
--

INSERT INTO `vitri` (`mavt`, `ngan`, `mota`, `status_vitri`) VALUES
(1, 'A', NULL, 1),
(2, 'B', NULL, 1),
(3, 'C', NULL, 1),
(4, 'D', NULL, 1),
(5, 'E', NULL, 1),
(6, 'F', 'NULL', 1),
(7, 'G', '', 1),
(8, 'H', '', 1),
(9, 'H', '', 1),
(10, 'I', '', 1),
(11, 'J', '', 1),
(12, 'K', '', 1),
(13, 'L', '', 1),
(14, 'M', '', 1),
(15, 'N', '', 1),
(16, 'O', '', 1),
(17, 'P', '', 1),
(18, 'Q', '', 1),
(19, 'R', '', 1),
(20, 'S', '', 1),
(21, 'T', '', 1),
(22, 'U', '', 1),
(23, 'V', '', 1),
(24, 'W', '', 1),
(25, 'X', '', 1),
(26, 'Y', '', 1),
(27, 'Z', '', 1),
(28, 'Ngôn ngữ Khmer', '', 1),
(29, 'Khóa luận', '', 1);

-- --------------------------------------------------------

--
-- Cấu trúc bảng cho bảng `xulyphat`
--

CREATE TABLE `xulyphat` (
  `maphat` int(11) NOT NULL,
  `maPM` int(11) NOT NULL,
  `masach` int(11) NOT NULL,
  `madg` varchar(20) DEFAULT NULL,
  `loaiphat` enum('qua_han','mat_sach') NOT NULL,
  `ngayphat` date NOT NULL,
  `tongtien` decimal(12,2) NOT NULL,
  `mota` varchar(255) DEFAULT NULL,
  `gia_sach` decimal(12,2) DEFAULT NULL,
  `trang_thai_phat` tinyint(4) DEFAULT 1
) ENGINE=InnoDB DEFAULT CHARSET=utf8mb3 COLLATE=utf8mb3_general_ci;

--
-- Đang đổ dữ liệu cho bảng `xulyphat`
--

INSERT INTO `xulyphat` (`maphat`, `maPM`, `masach`, `madg`, `loaiphat`, `ngayphat`, `tongtien`, `mota`, `gia_sach`, `trang_thai_phat`) VALUES
(5, 16, 81, '119876', 'qua_han', '2025-06-08', '80000.00', 'Phạt trả sách quá hạn 4 ngày', NULL, 1),
(6, 14, 81, '110121222', 'mat_sach', '2025-06-03', '320000.00', 'Mất sách', '160000.00', 1),
(8, 7, 21, '112344', 'qua_han', '2025-05-25', '60000.00', 'Trễ hạn trả sách 3 ngày', NULL, 1),
(9, 21, 1320, '08042014', 'qua_han', '2025-07-04', '2160000.00', 'Phạt trả sách quá hạn 108 ngày', NULL, 1);

--
-- Chỉ mục cho các bảng đã đổ
--

--
-- Chỉ mục cho bảng `chude`
--
ALTER TABLE `chude`
  ADD PRIMARY KEY (`macd`);

--
-- Chỉ mục cho bảng `ct_phieumuon`
--
ALTER TABLE `ct_phieumuon`
  ADD PRIMARY KEY (`maPM`,`masach`),
  ADD KEY `masach` (`masach`);

--
-- Chỉ mục cho bảng `docgia`
--
ALTER TABLE `docgia`
  ADD PRIMARY KEY (`madg`),
  ADD KEY `matk` (`matk`);

--
-- Chỉ mục cho bảng `email_logs`
--
ALTER TABLE `email_logs`
  ADD PRIMARY KEY (`id`),
  ADD KEY `fk_email_user` (`user_id`);

--
-- Chỉ mục cho bảng `nhaxuatban`
--
ALTER TABLE `nhaxuatban`
  ADD PRIMARY KEY (`manxb`);

--
-- Chỉ mục cho bảng `phanloai`
--
ALTER TABLE `phanloai`
  ADD PRIMARY KEY (`maloai`);

--
-- Chỉ mục cho bảng `phieumuon`
--
ALTER TABLE `phieumuon`
  ADD PRIMARY KEY (`maPM`),
  ADD KEY `phieumuon_ibfk_1` (`madg`);

--
-- Chỉ mục cho bảng `sach`
--
ALTER TABLE `sach`
  ADD PRIMARY KEY (`masach`),
  ADD KEY `maloai` (`maloai`),
  ADD KEY `manxb` (`manxb`),
  ADD KEY `macd` (`macd`),
  ADD KEY `mavt` (`mavt`);

--
-- Chỉ mục cho bảng `taikhoan`
--
ALTER TABLE `taikhoan`
  ADD PRIMARY KEY (`matk`);

--
-- Chỉ mục cho bảng `thanhtoan`
--
ALTER TABLE `thanhtoan`
  ADD PRIMARY KEY (`mathanhtoan`),
  ADD KEY `maphat` (`maphat`);

--
-- Chỉ mục cho bảng `vitri`
--
ALTER TABLE `vitri`
  ADD PRIMARY KEY (`mavt`);

--
-- Chỉ mục cho bảng `xulyphat`
--
ALTER TABLE `xulyphat`
  ADD PRIMARY KEY (`maphat`),
  ADD KEY `maPM` (`maPM`,`masach`),
  ADD KEY `xulyphat_ibfk_2` (`madg`);

--
-- AUTO_INCREMENT cho các bảng đã đổ
--

--
-- AUTO_INCREMENT cho bảng `email_logs`
--
ALTER TABLE `email_logs`
  MODIFY `id` int(11) NOT NULL AUTO_INCREMENT, AUTO_INCREMENT=4;

--
-- AUTO_INCREMENT cho bảng `nhaxuatban`
--
ALTER TABLE `nhaxuatban`
  MODIFY `manxb` int(11) NOT NULL AUTO_INCREMENT, AUTO_INCREMENT=9;

--
-- AUTO_INCREMENT cho bảng `phanloai`
--
ALTER TABLE `phanloai`
  MODIFY `maloai` int(11) NOT NULL AUTO_INCREMENT, AUTO_INCREMENT=6;

--
-- AUTO_INCREMENT cho bảng `phieumuon`
--
ALTER TABLE `phieumuon`
  MODIFY `maPM` int(11) NOT NULL AUTO_INCREMENT, AUTO_INCREMENT=22;

--
-- AUTO_INCREMENT cho bảng `sach`
--
ALTER TABLE `sach`
  MODIFY `masach` int(11) NOT NULL AUTO_INCREMENT, AUTO_INCREMENT=1747;

--
-- AUTO_INCREMENT cho bảng `taikhoan`
--
ALTER TABLE `taikhoan`
  MODIFY `matk` int(11) NOT NULL AUTO_INCREMENT, AUTO_INCREMENT=295;

--
-- AUTO_INCREMENT cho bảng `thanhtoan`
--
ALTER TABLE `thanhtoan`
  MODIFY `mathanhtoan` int(11) NOT NULL AUTO_INCREMENT, AUTO_INCREMENT=17;

--
-- AUTO_INCREMENT cho bảng `vitri`
--
ALTER TABLE `vitri`
  MODIFY `mavt` int(11) NOT NULL AUTO_INCREMENT, AUTO_INCREMENT=30;

--
-- AUTO_INCREMENT cho bảng `xulyphat`
--
ALTER TABLE `xulyphat`
  MODIFY `maphat` int(11) NOT NULL AUTO_INCREMENT, AUTO_INCREMENT=11;

--
-- Các ràng buộc cho các bảng đã đổ
--

--
-- Các ràng buộc cho bảng `ct_phieumuon`
--
ALTER TABLE `ct_phieumuon`
  ADD CONSTRAINT `ct_phieumuon_ibfk_1` FOREIGN KEY (`maPM`) REFERENCES `phieumuon` (`maPM`),
  ADD CONSTRAINT `ct_phieumuon_ibfk_2` FOREIGN KEY (`masach`) REFERENCES `sach` (`masach`);

--
-- Các ràng buộc cho bảng `docgia`
--
ALTER TABLE `docgia`
  ADD CONSTRAINT `docgia_ibfk_1` FOREIGN KEY (`matk`) REFERENCES `taikhoan` (`matk`);

--
-- Các ràng buộc cho bảng `phieumuon`
--
ALTER TABLE `phieumuon`
  ADD CONSTRAINT `phieumuon_ibfk_1` FOREIGN KEY (`madg`) REFERENCES `docgia` (`madg`);

--
-- Các ràng buộc cho bảng `sach`
--
ALTER TABLE `sach`
  ADD CONSTRAINT `sach_ibfk_1` FOREIGN KEY (`maloai`) REFERENCES `phanloai` (`maloai`),
  ADD CONSTRAINT `sach_ibfk_2` FOREIGN KEY (`manxb`) REFERENCES `nhaxuatban` (`manxb`),
  ADD CONSTRAINT `sach_ibfk_3` FOREIGN KEY (`macd`) REFERENCES `chude` (`macd`),
  ADD CONSTRAINT `sach_ibfk_4` FOREIGN KEY (`mavt`) REFERENCES `vitri` (`mavt`);

--
-- Các ràng buộc cho bảng `thanhtoan`
--
ALTER TABLE `thanhtoan`
  ADD CONSTRAINT `thanhtoan_ibfk_1` FOREIGN KEY (`maphat`) REFERENCES `xulyphat` (`maphat`);

--
-- Các ràng buộc cho bảng `xulyphat`
--
ALTER TABLE `xulyphat`
  ADD CONSTRAINT `xulyphat_ibfk_1` FOREIGN KEY (`maPM`,`masach`) REFERENCES `ct_phieumuon` (`maPM`, `masach`),
  ADD CONSTRAINT `xulyphat_ibfk_2` FOREIGN KEY (`madg`) REFERENCES `docgia` (`madg`);
COMMIT;

/*!40101 SET CHARACTER_SET_CLIENT=@OLD_CHARACTER_SET_CLIENT */;
/*!40101 SET CHARACTER_SET_RESULTS=@OLD_CHARACTER_SET_RESULTS */;
/*!40101 SET COLLATION_CONNECTION=@OLD_COLLATION_CONNECTION */;
